Date,Open,High,Low,Close,Adj Close,Volume
11-05-2012,586,590,573.013,2311.300049,577.825012,4450656
14-05-2012,580.049988,586.375,576.025024,2338.947998,584.737,3959208
15-05-2012,576.25,607.25,576.25,2415.199951,603.799988,5133576
16-05-2012,594.5,596.25,588.5,2368.447998,592.112,4294644
17-05-2012,592.112,594.362,586.599976,2370.552002,592.638,2903708
18-05-2012,581.338013,601.25,575.536987,2382.852051,595.713013,2969080
21-05-2012,596.224976,596.375,581,2340.447998,585.112,2388380
22-05-2012,588.75,592.013,580.911987,2341.100098,585.275024,2911604
23-05-2012,588.75,591.200012,576.799988,2348.199951,587.049988,2701016
24-05-2012,587.25,597.224976,578.25,2380.800049,595.200012,3806024
25-05-2012,590.75,596.25,587.763,2372.852051,593.213013,2156864
28-05-2012,598.5,599.5,590.650024,2385.800049,596.450012,2362892
29-05-2012,597.75,606.25,594.5,2409.5,602.375,2572380
30-05-2012,601.75,614.700012,598.174988,2432.300049,608.075012,4025744
31-05-2012,602,638,597.775024,2429.352051,607.338013,10813176
01-06-2012,603.75,607.875,595.75,2389.199951,597.299988,3271520
04-06-2012,593.5,599.088013,586.25,2385.600098,596.400024,2406044
05-06-2012,596.25,602.974976,593.674988,2388.852051,597.213013,2996360
06-06-2012,599.299988,608.338013,599.099976,2415.5,603.875,4388592
07-06-2012,612,616.213013,609.036987,2452.947998,613.237,3323544
08-06-2012,622.224976,622.224976,598.200012,2419.248047,604.812012,2782412
11-06-2012,606.75,613.187988,603.724976,2425.647949,606.411987,1776892
12-06-2012,600.549988,617.5,600.549988,2458.052002,614.513,2067340
13-06-2012,612.812012,622.424988,610.5,2470.100098,617.525024,3078892
14-06-2012,615.25,627.5,615.25,2498.300049,624.575012,3941668
15-06-2012,627.513,633,625.687988,2522.552002,630.638,3155756
18-06-2012,633.75,636.088013,624.125,2511.699951,627.924988,3558516
19-06-2012,625,626.25,614.474976,2477,619.25,3207040
20-06-2012,620,621.25,613.237,2470.100098,617.525024,3267988
21-06-2012,614,625.75,610.036987,2491.300049,622.825012,3268308
22-06-2012,612.437988,621.125,606.612,2474.447998,618.612,3207164
25-06-2012,618.724976,622,614.562012,2468.147949,617.036987,3974724
26-06-2012,613.275024,614.974976,607.388,2440.399902,610.099976,5165080
27-06-2012,613,618.75,612.112,2468.100098,617.025024,4338692
28-06-2012,616.25,624.25,612.088013,2473.300049,618.325012,3806488
29-06-2012,623.5,629.75,619.049988,2509.199951,627.299988,4682484
02-07-2012,625.75,629.700012,622.674988,2499.399902,624.849976,2587608
03-07-2012,629.062012,629.062012,619.150024,2490.552002,622.638,3214404
04-07-2012,625,626.213013,617.25,2479.399902,619.849976,3195408
05-07-2012,620.062012,622,615.625,2480.248047,620.062012,2890232
06-07-2012,619,621.25,610,2444.647949,611.161987,2443720
09-07-2012,605.275024,617.224976,600.5,2437.947998,609.487,3657340
10-07-2012,611,615.825012,610.338013,2459.399902,614.849976,3527360
11-07-2012,612.5,625.599976,611.25,2471,617.75,8472940
12-07-2012,562.5,570,554.75,2264.399902,566.099976,27135932
13-07-2012,554.5,564.700012,554.5,2229.800049,557.450012,13378252
16-07-2012,557.5,560.349976,540.812012,2171.300049,542.825012,9220548
17-07-2012,546.224976,549.5,540.575012,2171.248047,542.812012,6751564
18-07-2012,542.812012,547.224976,540.75,2178.899902,544.724976,3936632
19-07-2012,550,562.5,548.312012,2245.199951,561.299988,5456196
20-07-2012,561.224976,561.224976,551.325012,2218.751953,554.687988,2576916
23-07-2012,550,552.474976,545.650024,2189.100098,547.275024,1945400
24-07-2012,547.625,553,541.275024,2168.647949,542.161987,3576756
25-07-2012,543.5,545,537.5,2168.552002,542.138,3518272
26-07-2012,541.75,541.75,525.312012,2123.800049,530.950012,5987668
27-07-2012,540.5,541,527.325012,2148.647949,537.161987,4931244
30-07-2012,540,553.75,539.388,2209.699951,552.424988,3583460
31-07-2012,553.75,559,546.25,2226.947998,556.737,3457220
01-08-2012,553.75,557.599976,550.187988,2218.552002,554.638,1523992
02-08-2012,554.5,556.700012,548.75,2205.751953,551.437988,1210016
03-08-2012,549.062012,554.338013,546.275024,2208.5,552.125,1547796
06-08-2012,555.549988,558.724976,551.849976,2216.800049,554.200012,1625392
07-08-2012,558,567.349976,555.525024,2253.300049,563.325012,2732672
08-08-2012,565.5,573.75,565,2283.600098,570.900024,4019552
09-08-2012,572.562012,577.875,568.75,2282.052002,570.513,3465548
10-08-2012,569.5,580.25,566,2313.052002,578.263,2817844
13-08-2012,575.325012,582.75,575.025024,2320.100098,580.025024,2006964
14-08-2012,578.325012,583.75,572.338013,2329.352051,582.338013,2022408
16-08-2012,582.338013,582.338013,575.263,2315.447998,578.862,1864812
17-08-2012,581,588.75,579.075012,2351.052002,587.763,4246640
21-08-2012,587.763,609.75,587.763,2409,602.25,6103068
22-08-2012,600.724976,610,598.536987,2433.600098,608.400024,2574584
23-08-2012,608.75,620.75,606.062012,2477.199951,619.299988,7361428
24-08-2012,612,614.588013,608.5,2444.800049,611.200012,3362256
27-08-2012,607.549988,611.625,601.400024,2411.899902,602.974976,3945680
28-08-2012,599.25,612.862,599.25,2421.147949,605.286987,2833028
29-08-2012,605.5,605.5,595.612,2388.300049,597.075012,2808208
30-08-2012,595.963013,601.536987,592.513,2392.699951,598.174988,5587696
31-08-2012,596.5,596.5,588.687988,2361.647949,590.411987,2905532
03-09-2012,591.5,599.724976,589.5,2365.100098,591.275024,2160756
04-09-2012,590.088013,593,586.025024,2360.800049,590.200012,1166664
05-09-2012,586.75,589.25,583.049988,2339.447998,584.862,2006612
06-09-2012,587.625,606.974976,587.625,2422,605.5,3811692
07-09-2012,613.75,623.5,612.775024,2487.248047,621.812012,3037848
10-09-2012,624,631.75,619.687988,2512.352051,628.088013,3668660
11-09-2012,625,633.987,618.650024,2529.5,632.375,2720952
12-09-2012,632.75,637.487,630.286987,2539.699951,634.924988,2541664
13-09-2012,634.700012,641.724976,629.5,2555.052002,638.763,2624852
14-09-2012,647,661.174988,646.525024,2632.100098,658.025024,5313924
17-09-2012,662.25,662.25,636.75,2564.5,641.125,4929636
18-09-2012,645,654.75,644.5,2600.800049,650.200012,3592100
20-09-2012,650.200012,661.25,639.150024,2617.199951,654.299988,5812568
21-09-2012,653.838013,662.5,645.900024,2593.300049,648.325012,6146936
24-09-2012,650,652.474976,643.786987,2600.147949,650.036987,4427016
25-09-2012,647.5,652.75,647.013,2598.052002,649.513,4424876
26-09-2012,644.5,650,641.786987,2589.300049,647.325012,4244952
27-09-2012,648.125,648.25,633.687988,2549.352051,637.338013,6911440
28-09-2012,640.25,644.974976,631.549988,2534.947998,633.737,4842612
01-10-2012,637.825012,655.049988,637.25,2609.647949,652.411987,4413144
03-10-2012,652.411987,654.786987,640.125,2578.248047,644.562012,3911812
04-10-2012,643.775024,648.724976,639.263,2575.647949,643.911987,3582140
05-10-2012,646.25,646.25,515.138,2526.852051,631.713013,5816000
08-10-2012,631.200012,635.724976,615,2488.199951,622.049988,4038720
09-10-2012,626.25,637.5,621,2536.248047,634.062012,4542160
10-10-2012,626.775024,632.036987,622.400024,2504.147949,626.036987,2966052
11-10-2012,624,645.013,620.299988,2533.199951,633.299988,7483200
12-10-2012,587.5,611.963013,577.75,2395.352051,598.838013,28350888
15-10-2012,596.424988,603,588.200012,2365.600098,591.400024,7395060
16-10-2012,594.974976,597.25,586.75,2355.699951,588.924988,3641024
17-10-2012,594.013,594.75,589.312012,2370.147949,592.536987,2853660
18-10-2012,591,599.25,586.275024,2377.600098,594.400024,5096288
19-10-2012,591.5,599.25,591.5,2383.352051,595.838013,5468600
22-10-2012,592.062012,599.5,592.062012,2385.552002,596.388,2283432
23-10-2012,590.5,596,587.5,2353.100098,588.275024,2371572
25-10-2012,588.275024,589.275024,582.536987,2344.751953,586.187988,5628388
29-10-2012,583.674988,586.200012,576.825012,2335.5,583.875,4078476
30-10-2012,581.5,591.25,581.5,2358.352051,589.588013,2864128
31-10-2012,587.5,593.625,586.388,2363,590.75,3258660
01-11-2012,590.5,592.5,585.275024,2364.647949,591.161987,3505488
02-11-2012,592.75,601.150024,592.275024,2388.100098,597.025024,3524608
05-11-2012,595.775024,597.650024,591.875,2378.447998,594.612,2479600
06-11-2012,596,601.625,592.812012,2381.647949,595.411987,3407884
07-11-2012,595.5,603.5,593.763,2404.399902,601.099976,2347632
08-11-2012,593,596.138,591.25,2375.300049,593.825012,2614580
09-11-2012,591.25,591.25,586.25,2348.699951,587.174988,2969460
12-11-2012,588.75,592.25,583.388,2358.947998,589.737,1848096
15-11-2012,588.5,590,569.700012,2296.300049,574.075012,4848152
16-11-2012,572.75,596.75,572.75,2343.352051,585.838013,6846552
19-11-2012,586,595.299988,584.161987,2358.552002,589.638,2018064
20-11-2012,594.286987,594.286987,578.200012,2324.751953,581.187988,2720152
21-11-2012,582.424988,590.974976,580.349976,2349.852051,587.463013,3494904
22-11-2012,587,598,583.75,2382.600098,595.650024,2913656
23-11-2012,595.5,599.75,589.263,2377.552002,594.388,1738868
26-11-2012,597.687988,605.25,597.687988,2417.399902,604.349976,1894028
27-11-2012,605.5,620,605.463013,2470.647949,617.661987,2858652
29-11-2012,617.661987,617.661987,606.625,2445.248047,611.312012,5182548
30-11-2012,610.400024,619.112,606.263,2436.852051,609.213013,3525356
03-12-2012,609.25,613.25,606.088013,2439.147949,609.786987,2601492
04-12-2012,607.25,611.75,603.75,2437.447998,609.362,2255144
05-12-2012,607.25,607.5,594.375,2382.5,595.625,6997512
06-12-2012,598.5,598.5,578.487,2338.300049,584.575012,5505964
07-12-2012,580.25,587.125,577.775024,2321.147949,580.286987,4742956
10-12-2012,580.237,586,574.75,2313.552002,578.388,3414960
11-12-2012,579,584.013,570.713013,2294.052002,573.513,5692212
12-12-2012,577.5,580.950012,571.562012,2297.800049,574.450012,7679844
13-12-2012,576.237,578.411987,568.099976,2283.552002,570.888,4983556
14-12-2012,568.25,573.763,566.5,2278.800049,569.700012,4253996
17-12-2012,566.75,572.963013,564.237,2266.248047,566.562012,5480820
18-12-2012,565,568.549988,561.25,2271,567.75,4146000
19-12-2012,568.5,574.974976,567.513,2296.147949,574.036987,4995948
20-12-2012,576.525024,577.5,569.5,2299.600098,574.900024,4220864
21-12-2012,574.75,580.325012,571.700012,2296.852051,574.213013,3462008
24-12-2012,580.275024,582.099976,578.25,2322.300049,580.575012,2161996
26-12-2012,580.575012,582.724976,576.088013,2315.248047,578.812012,1631780
27-12-2012,581.950012,582.25,569.161987,2287.751953,571.937988,4055116
28-12-2012,575.525024,581.375,572.112,2323.199951,580.799988,3532128
31-12-2012,578.75,581.025024,575.924988,2318.699951,579.674988,1725912
01-01-2013,581.900024,582.474976,576.388,2308.852051,577.213013,1479996
02-01-2013,579.049988,582,575.875,2309.199951,577.299988,2174972
03-01-2013,578.75,587.213013,577.75,2337.899902,584.474976,5299644
04-01-2013,587.099976,588.737,583,2349.552002,587.388,4227004
07-01-2013,587.775024,594.974976,583.888,2374.800049,593.700012,4380812
08-01-2013,591.25,591.987,580.875,2344,586,6433712
09-01-2013,585.049988,590.450012,580.825012,2331,582.75,3074984
10-01-2013,582.75,585.661987,577.299988,2322.300049,580.575012,5450508
11-01-2013,630.25,680.5,630.25,2712.100098,678.025024,46426284
14-01-2013,689.950012,709.237,688.062012,2806.5,701.625,25462380
15-01-2013,701.5,702.362,693.625,2787.052002,696.763,10188940
16-01-2013,695.25,697.200012,688.875,2767.447998,691.862,5830412
17-01-2013,698,701.661987,694.799988,2797.947998,699.487,5883536
18-01-2013,701.25,702.5,694.362,2788.052002,697.013,3645296
21-01-2013,690.763,702.650024,690.763,2796.300049,699.075012,2949780
22-01-2013,698.400024,699.661987,694.25,2783.552002,695.888,2555140
23-01-2013,695.25,699.5,695.25,2789.600098,697.400024,3729356
24-01-2013,702.5,707,697.687988,2798.199951,699.549988,5605648
25-01-2013,702.5,707,697.786987,2814.647949,703.661987,4221268
28-01-2013,703,706.900024,700.25,2810.647949,702.661987,3361504
29-01-2013,701.5,706.25,697.138,2799,699.75,3098592
30-01-2013,701.187988,701.487,695.138,2790.647949,697.661987,3402764
31-01-2013,698,701.775024,692.5,2789.5,697.375,8740220
01-02-2013,697.775024,700.474976,688,2770.947998,692.737,3949824
04-02-2013,695.25,697.5,686.25,2767.600098,691.900024,3750008
05-02-2013,690.812012,695.588013,686.388,2755.899902,688.974976,3083056
06-02-2013,693.812012,697.013,688.963013,2776,694,4548672
07-02-2013,696.5,699.75,695.013,2789.5,697.375,5352236
08-02-2013,695.786987,704.174988,693.062012,2789.447998,697.362,2741348
11-02-2013,700.312012,703.737,696.224976,2792.052002,698.013,3697396
12-02-2013,692.5,693.525024,685.437988,2755.248047,688.812012,2221196
13-02-2013,689.25,699.286987,686.25,2789.552002,697.388,3161444
14-02-2013,698.599976,707,698.588013,2812.751953,703.187988,3447000
15-02-2013,697.5,702.125,694.075012,2788.600098,697.150024,2597128
18-02-2013,695.75,696.674988,690.75,2780.100098,695.025024,1377392
19-02-2013,695.025024,706.25,691.763,2820.447998,705.112,2321672
20-02-2013,706.312012,708.088013,702.125,2819.447998,704.862,2772612
21-02-2013,700.400024,704.974976,698.286987,2807.800049,701.950012,2779372
22-02-2013,699.674988,713.75,699.275024,2840.552002,710.138,4351768
25-02-2013,717.5,730.5,716.900024,2917.800049,729.450012,5228824
26-02-2013,729,742.349976,729,2959.800049,739.950012,6086772
27-02-2013,737,737,725.525024,2910.552002,727.638,3514880
28-02-2013,728.825012,733.963013,721.349976,2907,726.75,5904052
01-03-2013,728.5,740.349976,723,2913.800049,728.450012,4207316
04-03-2013,731.5,735.625,718.036987,2903.447998,725.862,5054160
05-03-2013,731.138,734.849976,728.312012,2921.300049,730.325012,3585972
06-03-2013,736.75,744.174988,731.562012,2970.100098,742.525024,6102740
07-03-2013,745.312012,752.450012,745,3004.352051,751.088013,6857680
08-03-2013,747,747.25,739.312012,2970.248047,742.562012,3081448
11-03-2013,745.450012,747.5,732.5,2945.751953,736.437988,2433080
12-03-2013,735,736.174988,728,2918.100098,729.525024,2857028
13-03-2013,722.5,722.5,712.525024,2863.447998,715.862,5365068
14-03-2013,716.5,722.224976,710.724976,2874.100098,718.525024,4166160
15-03-2013,719.088013,727.911987,717.013,2878.248047,719.562012,3630396
18-03-2013,716.562012,722.5,712.75,2860.751953,715.187988,3223412
19-03-2013,718.75,721.549988,710.275024,2856,714,5988072
20-03-2013,716.200012,718.674988,706.888,2865.647949,716.411987,4497320
21-03-2013,720.75,723.625,715.5,2872.800049,718.200012,4970040
22-03-2013,712.487,718.875,707.5,2863.199951,715.799988,3685144
25-03-2013,711.299988,716.25,708.161987,2852.751953,713.187988,2518428
26-03-2013,711.25,717.411987,708.5,2854.552002,713.638,1707792
28-03-2013,713.638,724.237,712.799988,2889.352051,722.338013,6174024
01-04-2013,722.338013,738.388,722.338013,2944.199951,736.049988,3711020
02-04-2013,732.5,747.424988,728.713013,2969.052002,742.263,4860444
03-04-2013,737.224976,749.888,737,2968.447998,742.112,4177736
04-04-2013,736.25,737.286987,718.013,2880.052002,720.013,3749980
05-04-2013,719.75,724.75,712.5,2865.852051,716.463013,2186480
08-04-2013,712.5,718.411987,706.812012,2831.899902,707.974976,1858180
09-04-2013,708.388,709.737,689.062012,2766.352051,691.588013,5420328
10-04-2013,700.75,706.950012,694.062012,2815.647949,703.911987,3275808
11-04-2013,716.625,733.900024,708.724976,2916.699951,729.174988,8509336
12-04-2013,656.263,656.263,567.174988,2296.647949,574.161987,49013872
15-04-2013,572.5,589.25,551,2339.052002,584.763,33279988
16-04-2013,579.75,581.5,571.75,2296.248047,574.062012,7150868
17-04-2013,575,577.987,562.5,2283.852051,570.963013,7574572
18-04-2013,571.599976,580.75,570.325012,2295.699951,573.924988,6612184
22-04-2013,573.924988,573.924988,555.888,2244.552002,561.138,7700644
23-04-2013,562.5,567.650024,561.099976,2262.248047,565.562012,3934980
25-04-2013,565.562012,565.562012,555.786987,2227.699951,556.924988,6881172
26-04-2013,555.025024,559.450012,550.625,2212,553,5564792
29-04-2013,551.5,562.200012,546.5,2229.300049,557.325012,4482840
30-04-2013,558.5,560.588013,555.549988,2235.447998,558.862,4420360
02-05-2013,558.862,572.862,558.862,2286.699951,571.674988,4688092
03-05-2013,574.187988,581,569.549988,2307.947998,576.987,4558596
06-05-2013,578.75,586.25,578.75,2341.100098,585.275024,3000052
07-05-2013,587.5,588.75,581.187988,2348.800049,587.200012,3491552
08-05-2013,591.25,595,584.513,2350.647949,587.661987,3639176
09-05-2013,587.974976,592.224976,587.5,2361.399902,590.349976,2280712
10-05-2013,590.525024,596.25,589.275024,2371.552002,592.888,2267020
13-05-2013,588.75,590.536987,582.575012,2339.600098,584.900024,2507480
14-05-2013,584.325012,592.700012,584.325012,2350.052002,587.513,2242224
15-05-2013,588.25,593.174988,586.849976,2360.447998,590.112,4446588
16-05-2013,588.375,589.950012,578.312012,2332.600098,583.150024,3495876
17-05-2013,584.224976,592.25,583.75,2351.751953,587.937988,3215876
20-05-2013,586.5,595.75,586,2372.052002,593.013,4379144
21-05-2013,592.549988,604.263,591.737,2397.600098,599.400024,2830064
22-05-2013,600,608.25,594.562012,2385.300049,596.325012,3122836
23-05-2013,594,604.812012,589.036987,2359.852051,589.963013,2550292
24-05-2013,590.400024,596.25,583.5,2347.899902,586.974976,1844324
27-05-2013,585.299988,596.5,582.575012,2372.699951,593.174988,1662584
28-05-2013,592.5,595,588.411987,2366.199951,591.549988,2117476
29-05-2013,592.5,597.75,583.25,2352.399902,588.099976,2583264
30-05-2013,583.375,587.161987,579.125,2341.447998,585.362,3169316
31-05-2013,585.5,608.724976,585.5,2411.699951,602.924988,9249152
03-06-2013,631.25,656.25,618.786987,2514.100098,628.525024,16607624
04-06-2013,622.5,629.862,615.900024,2495.899902,623.974976,5857280
05-06-2013,620,622.549988,613.75,2461.248047,615.312012,2539392
06-06-2013,612.5,613.661987,603.974976,2429.647949,607.411987,3754616
07-06-2013,606.25,618.224976,605,2446.800049,611.700012,3309084
10-06-2013,615,624.5,614.299988,2486.751953,621.687988,2144520
11-06-2013,622.5,628.625,616.463013,2475.5,618.875,2978852
12-06-2013,615.562012,626.599976,603.213013,2421.352051,605.338013,2963644
13-06-2013,606,606.25,593.75,2379.899902,594.974976,2077164
14-06-2013,597.924988,602.25,594.286987,2394.947998,598.737,2792032
17-06-2013,602.862,606.5,598.713013,2422.600098,605.650024,1360252
18-06-2013,607.5,615,606.174988,2446.552002,611.638,2142452
19-06-2013,611.5,612.174988,601.825012,2438.352051,609.588013,2918416
20-06-2013,607,612,585.687988,2369.100098,592.275024,3401464
21-06-2013,592.650024,608,592.650024,2418.751953,604.687988,3080684
24-06-2013,600.625,600.812012,587.974976,2380.399902,595.099976,3668276
25-06-2013,595,596.713013,586.25,2373.899902,593.474976,2895320
26-06-2013,597.900024,603.650024,592.911987,2399.399902,599.849976,2783616
27-06-2013,605.25,624.987,603.150024,2482.800049,620.700012,5335472
28-06-2013,617.799988,626.937988,606,2498.852051,624.713013,5853696
01-07-2013,617.25,618.375,610.275024,2451,612.75,2104540
02-07-2013,612.025024,615.888,600,2403.947998,600.987,2555416
03-07-2013,600.25,612.974976,598.150024,2404.5,601.125,2674928
04-07-2013,608.25,618.786987,605,2468,617,2605392
05-07-2013,616.75,620.888,609.674988,2456.199951,614.049988,2168680
08-07-2013,621.25,623.5,615.125,2468.147949,617.036987,2707584
09-07-2013,620.25,628.5,620.25,2498.199951,624.549988,4305684
10-07-2013,626.25,630,623.25,2501.147949,625.286987,3432708
11-07-2013,633.75,640.862,627.437988,2528.352051,632.088013,7852480
12-07-2013,695.286987,726.400024,687.5,2804.199951,701.049988,26436520
15-07-2013,696.263,697.5,682.075012,2742.699951,685.674988,6437120
16-07-2013,675.513,692.650024,670.263,2728.800049,682.200012,3150768
17-07-2013,682.911987,689.588013,682.911987,2750.852051,687.713013,3287524
18-07-2013,688.5,704.375,684.713013,2800.751953,700.187988,6539348
19-07-2013,700.75,716.25,700.75,2847.447998,711.862,8201420
22-07-2013,705.549988,723.724976,705.5,2876.751953,719.187988,3375568
23-07-2013,722.5,729.286987,722.5,2901.947998,725.487,3084240
24-07-2013,720,731.75,720,2908.600098,727.150024,2437640
25-07-2013,727.25,736.338013,725.25,2915.300049,728.825012,3588844
26-07-2013,732.5,738.25,725.650024,2913.300049,728.325012,3449820
29-07-2013,727.5,736,727.5,2921.199951,730.299988,2181476
30-07-2013,732.75,743.25,732.75,2955.699951,738.924988,3168104
31-07-2013,742.25,747.900024,732.049988,2969.647949,742.411987,5903664
01-08-2013,747,748.786987,739.187988,2974.647949,743.661987,4345316
02-08-2013,746.25,755,745.275024,3008.800049,752.200012,5981148
05-08-2013,749.700012,756.25,749.125,3009.052002,752.263,4251392
06-08-2013,752,753,737.763,2987.352051,746.838013,5015916
07-08-2013,743.75,750.700012,737.812012,2963.352051,740.838013,3251804
08-08-2013,735,744.5,735,2964.552002,741.138,2882684
12-08-2013,741.138,755,741.138,3005.399902,751.349976,3797188
13-08-2013,752.025024,773.5,752,3083.600098,770.900024,5167156
14-08-2013,767.5,773.724976,760.638,3069.647949,767.411987,4605604
16-08-2013,767.411987,767.411987,741.911987,2978.399902,744.599976,6043808
19-08-2013,747.525024,756.737,737.737,3005,751.25,2629664
20-08-2013,755,755.25,745.625,3006.647949,751.661987,5181028
21-08-2013,748.700012,748.700012,730.525024,2958.751953,739.687988,3763292
22-08-2013,747.25,759.112,741,3020.199951,755.049988,5482908
23-08-2013,751.25,754.987,745.575012,3000.699951,750.174988,2749432
26-08-2013,754.987,762.463013,752.125,3030.699951,757.674988,2785772
27-08-2013,758,770,757.974976,3056.052002,764.013,4262776
28-08-2013,763,782.5,763,3116.248047,779.062012,7164848
29-08-2013,767.5,781.737,765.25,3104.600098,776.150024,10043144
30-08-2013,773,780.724976,759.375,3105.852051,776.463013,6339280
02-09-2013,769.275024,781.900024,766.150024,3085.899902,771.474976,2562520
03-09-2013,768,773.625,754.200012,3033.699951,758.424988,3133656
04-09-2013,764.924988,784.974976,763.900024,3112.699951,778.174988,4489700
05-09-2013,774.174988,774.174988,748.775024,3004.800049,751.200012,4728536
06-09-2013,751.474976,767.974976,751.474976,3029.052002,757.263,6732964
10-09-2013,757.263,797,757.263,3158.899902,789.724976,10939568
11-09-2013,786.25,793.237,776.937988,3119.100098,779.775024,4572840
12-09-2013,776.25,779.775024,762,3065.852051,766.463013,3478720
13-09-2013,765.062012,766.463013,753.325012,3028.052002,757.013,4627692
16-09-2013,756.25,764.487,745.025024,2993.399902,748.349976,3166092
17-09-2013,754.25,757.487,747.75,3022.600098,755.650024,4013640
18-09-2013,756.25,757.312012,751.25,3017.147949,754.286987,3719908
19-09-2013,749.75,758.75,748.075012,3019,754.75,7663904
20-09-2013,750,758,745.875,2995.147949,748.786987,3995856
23-09-2013,751.25,760.987,750.263,3019.399902,754.849976,4443188
24-09-2013,757.5,757.75,749.224976,3015.100098,753.775024,5876128
25-09-2013,757.950012,758.75,748.161987,3009.647949,752.411987,4040388
26-09-2013,758.5,759.213013,750.25,3012.300049,753.075012,5341220
27-09-2013,756,762.75,747.75,3006.600098,751.650024,2850784
30-09-2013,755.049988,763.75,749.388,3013,753.25,4339592
01-10-2013,757.5,759.575012,750.75,3015,753.75,2655108
03-10-2013,753.75,761.75,753.75,3037.147949,759.286987,7343356
04-10-2013,756.562012,759.75,751.25,3016.399902,754.099976,3676408
07-10-2013,753.75,759.937988,751.599976,3021.852051,755.463013,4897672
08-10-2013,760.075012,763,755.575012,3034.147949,758.536987,8991456
09-10-2013,756.75,782.849976,752.5,3109.852051,777.463013,8685896
10-10-2013,781.275024,790.237,772.687988,3127.600098,781.900024,8717344
11-10-2013,833.75,834.5,789.200012,3274.5,818.625,20645300
14-10-2013,814,833.888,814,3324.352051,831.088013,6115856
15-10-2013,831,841.763,828.200012,3354.800049,838.700012,4610660
17-10-2013,838.700012,839.474976,815,3268.5,817.125,5756504
18-10-2013,821.5,830.974976,815.25,3314.552002,828.638,5472388
21-10-2013,833.25,844.424988,816.275024,3335.447998,833.862,4691684
22-10-2013,834.5,841.049988,831.349976,3342.352051,835.588013,3604380
23-10-2013,830,834.700012,819.75,3324.800049,831.200012,3280792
24-10-2013,825.575012,843.75,822.513,3308.751953,827.187988,3240280
25-10-2013,832,837.5,826.575012,3331.552002,832.888,3005672
28-10-2013,829.299988,833.724976,823.286987,3323.447998,830.862,1706224
29-10-2013,829.875,841.237,826.687988,3335.600098,833.900024,2600196
30-10-2013,827.75,834.713013,826.862,3323.899902,830.974976,2795544
31-10-2013,826.075012,832,824.049988,3309.899902,827.474976,4843772
01-11-2013,825,828.75,817.349976,3276.699951,819.174988,3083352
05-11-2013,819.174988,822.638,808.25,3265.852051,816.463013,2660116
06-11-2013,818.825012,828.049988,818.825012,3306.147949,826.536987,1852332
07-11-2013,830.411987,849.987,828.400024,3357.600098,839.400024,3596356
08-11-2013,837.5,847.299988,837.5,3360.052002,840.013,4308056
11-11-2013,837.5,849.5,835.025024,3362.600098,840.650024,3901600
12-11-2013,840.625,843.75,832.025024,3336.852051,834.213013,3226092
13-11-2013,829.013,839.650024,829.013,3332.052002,833.013,2343756
14-11-2013,838.075012,843.75,837.513,3354.248047,838.562012,2171764
18-11-2013,838.562012,853.75,838.562012,3404.100098,851.025024,3163268
19-11-2013,851.5,862,850.013,3442.947998,860.737,4487604
20-11-2013,852.25,860.825012,848.75,3402.199951,850.549988,2153304
21-11-2013,849,850,828.275024,3344.352051,836.088013,4247748
22-11-2013,836.5,843.75,834,3347.600098,836.900024,1360468
25-11-2013,838,844.700012,826.75,3326,831.5,2853648
26-11-2013,830,837.25,823.161987,3316.199951,829.049988,3660548
27-11-2013,830,833.963013,821.450012,3293.300049,823.325012,3389812
28-11-2013,825.349976,834.5,816.25,3327.800049,831.950012,3749984
29-11-2013,834,841.5,827.5,3354.552002,838.638,2705780
02-12-2013,838,844.224976,831.275024,3338.699951,834.674988,2355688
03-12-2013,830,839.875,830,3348.751953,837.187988,3500620
04-12-2013,837.5,846.5,834.200012,3365.352051,841.338013,4221560
05-12-2013,845,849.75,835.5,3351.300049,837.825012,3158536
06-12-2013,834.763,837.25,829.549988,3325.800049,831.450012,3272424
09-12-2013,841.25,846.013,830.263,3338.800049,834.700012,4428316
10-12-2013,833.75,847.463013,832.888,3370.852051,842.713013,6172948
11-12-2013,841.25,845.424988,835,3374.352051,843.588013,3128480
12-12-2013,841.099976,846.424988,837,3363.852051,840.963013,2760116
13-12-2013,836.25,845,836.25,3373.852051,843.463013,4157812
16-12-2013,845,866,838.450012,3452.248047,863.062012,5058848
17-12-2013,861.275024,871.224976,861.275024,3456.352051,864.088013,5356976
18-12-2013,862.5,868.437988,861.875,3457.447998,864.362,4591672
19-12-2013,865.625,886.237,863.75,3512.248047,878.062012,3665728
20-12-2013,881.25,893.25,877.099976,3551.352051,887.838013,4342728
23-12-2013,875,884.974976,865.138,3468.447998,867.112,4422952
24-12-2013,871.5,875.724976,866.525024,3486.399902,871.599976,3554956
26-12-2013,871.599976,883.599976,870.937988,3520.647949,880.161987,3434964
27-12-2013,882.5,893,882.487,3561.300049,890.325012,3691032
30-12-2013,891.924988,893.75,868.75,3502.352051,875.588013,5931716
31-12-2013,875,880.424988,870.062012,3485.647949,871.411987,1795404
01-01-2014,873,874.75,865.513,3468,867,739344
02-01-2014,865.812012,877,865.812012,3480.552002,870.138,2202372
03-01-2014,868.75,893.75,863.562012,3565.147949,891.286987,5023172
06-01-2014,893.775024,895.125,867.150024,3517.899902,879.474976,5549164
07-01-2014,879.763,881.474976,861.674988,3457.147949,864.286987,3856844
08-01-2014,865.25,868.75,855.25,3428.100098,857.025024,4495196
09-01-2014,860,870.5,854.463013,3450.800049,862.700012,6295404
10-01-2014,872.5,893.75,862,3551.248047,887.812012,15129088
13-01-2014,895.5,918.75,895.5,3665,916.25,8559956
14-01-2014,911.25,923.75,910.112,3686.751953,921.687988,3712916
15-01-2014,923.825012,931.088013,920.25,3712.052002,928.013,8565072
16-01-2014,924.75,934.362,923.411987,3725.052002,931.263,8804116
17-01-2014,932.25,941.161987,930,3729.751953,932.437988,12833948
20-01-2014,928,939.987,926.112,3749.300049,937.325012,4880972
21-01-2014,937.5,942.5,929.588013,3758.352051,939.588013,6051232
22-01-2014,935.299988,944.5,935.013,3765.899902,941.474976,3384880
23-01-2014,946.025024,949.75,940.213013,3792.5,948.125,3953672
24-01-2014,941.25,949.237,938.674988,3758.147949,939.536987,3438292
27-01-2014,930,940.974976,927.799988,3732.199951,933.049988,4049524
28-01-2014,926.75,927.174988,916.713013,3675.100098,918.775024,7054272
29-01-2014,916.5,935.924988,913.411987,3717.800049,929.450012,4051040
30-01-2014,925.924988,929.174988,915,3704.248047,926.062012,3591816
31-01-2014,925,934.937988,921.638,3701.100098,925.275024,2684964
03-02-2014,921.25,923,906.200012,3629.147949,907.286987,2192056
04-02-2014,895.25,897.987,886.638,3561.100098,890.275024,2267556
05-02-2014,895,897.25,885.687988,3581.248047,895.312012,2163496
06-02-2014,893,895.75,885.25,3563.699951,890.924988,2874952
07-02-2014,896.75,900.463013,887.213013,3566.552002,891.638,3775728
10-02-2014,894.974976,896.5,889.375,3573.800049,893.450012,3024712
11-02-2014,896,905.5,893.375,3596.248047,899.062012,2916796
12-02-2014,900.125,906.862,898.299988,3600.100098,900.025024,2104356
13-02-2014,901.200012,904.487,895.013,3585.800049,896.450012,1794160
14-02-2014,903.888,916,900.812012,3644.300049,911.075012,2981084
17-02-2014,921.25,921.25,912.213013,3658.147949,914.536987,6784960
18-02-2014,911.75,923.650024,911.75,3682,920.5,2489120
19-02-2014,923.911987,940.5,923.775024,3753.399902,938.349976,3532152
20-02-2014,936.224976,936.224976,926.5,3711.248047,927.812012,4408424
21-02-2014,934,938.849976,931.812012,3750.699951,937.674988,2758992
24-02-2014,936.5,938.424988,932.5,3749.899902,937.474976,2178804
25-02-2014,938.75,948.025024,938.75,3782.899902,945.724976,4049756
26-02-2014,945,954.450012,943.025024,3807.5,951.875,3676084
28-02-2014,951.875,959.286987,940.275024,3824.852051,956.213013,4919748
03-03-2014,956.25,962.487,947.987,3798.248047,949.562012,3602088
04-03-2014,942.5,956.112,940.474976,3799.552002,949.888,3468956
05-03-2014,956.974976,961.099976,952.474976,3821.699951,955.424988,2471752
06-03-2014,959.5,962.487,954.338013,3831.899902,957.974976,3113156
07-03-2014,956.75,958.5,927.075012,3740.300049,935.075012,7536372
10-03-2014,932.424988,932.424988,911.325012,3671.600098,917.900024,3716236
11-03-2014,913.25,927.224976,907.763,3675.352051,918.838013,2062136
12-03-2014,918.349976,925.838013,913,3671.300049,917.825012,1970052
13-03-2014,855,859.974976,835,3357.600098,839.400024,20395440
14-03-2014,835,850.974976,833.763,3394.147949,848.536987,5583772
18-03-2014,848.536987,852.974976,835,3350.552002,837.638,5902156
19-03-2014,837.5,839.463013,809.687988,3271.751953,817.937988,7888924
20-03-2014,817.5,837.375,817.5,3303.052002,825.763,4011516
21-03-2014,832.5,834.5,817.625,3305.647949,826.411987,6190160
24-03-2014,818.049988,829.612,817.5,3275.800049,818.950012,4080172
25-03-2014,812,819.924988,811.5,3254.399902,813.599976,3774032
26-03-2014,815,817.237,807.650024,3248.899902,812.224976,4229284
27-03-2014,812,815.724976,803.987,3231.052002,807.763,6799684
28-03-2014,810.025024,819.75,806.825012,3262.600098,815.650024,3573412
31-03-2014,821.325012,826.237,807.513,3282.800049,820.700012,4588464
01-04-2014,820.763,831.25,818.75,3313.947998,828.487,4314176
02-04-2014,837.200012,837.5,827.625,3322.052002,830.513,2822200
03-04-2014,834.875,837,829.763,3338.147949,834.536987,2350108
04-04-2014,837.75,839,826.525024,3316.052002,829.013,1962792
07-04-2014,824.5,828.612,814,3293.399902,823.349976,3548772
09-04-2014,823.349976,827.450012,807.625,3254.552002,813.638,5332340
10-04-2014,813.625,814.437988,796.536987,3201.199951,800.299988,10631620
11-04-2014,802.5,813.900024,791.25,3235.147949,808.786987,9339168
15-04-2014,808.786987,847,808.786987,3259.800049,814.950012,10391192
16-04-2014,810.487,810.487,786.875,3157.300049,789.325012,6599152
17-04-2014,795,802.513,789.588013,3192.052002,798.013,4195956
21-04-2014,798.013,805,792.5,3182.947998,795.737,3059812
22-04-2014,793.013,800,785.599976,3150.647949,787.661987,3313448
23-04-2014,793.513,797.963013,791,3172.647949,793.161987,6008360
24-04-2014,793.161987,793.161987,793.161987,3172.647949,793.161987,0
25-04-2014,797,800,790.838013,3175.600098,793.900024,2981452
28-04-2014,792.25,798.25,791.25,3178.052002,794.513,3021240
29-04-2014,795.75,798.75,792.75,3177.751953,794.437988,2417732
30-04-2014,794.411987,797.5,792.75,3180.800049,795.200012,3870968
02-05-2014,795.200012,811.75,795.200012,3219.699951,804.924988,2382196
05-05-2014,798,808.25,793.638,3176.899902,794.224976,2098344
06-05-2014,794.224976,796.125,788.75,3165.147949,791.286987,2283012
07-05-2014,787.75,792.5,762.5,3067.352051,766.838013,7798036
08-05-2014,767.5,772.099976,761.612,3065.300049,766.325012,4580996
09-05-2014,766.25,781.25,763.213013,3111.447998,777.862,3089700
12-05-2014,779.549988,796.625,776.263,3175.100098,793.775024,3522100
13-05-2014,795.75,818.75,795.75,3265.248047,816.312012,3649984
14-05-2014,812.562012,816.25,804.286987,3254.100098,813.525024,2592344
15-05-2014,813.525024,823.713013,801.312012,3272.447998,818.112,4204596
16-05-2014,824.75,835,764.763,3177.552002,794.388,7094396
19-05-2014,799.5,799.5,750.025024,3015.052002,753.763,8623256
20-05-2014,762.25,784.713013,760.549988,3122.199951,780.549988,4393672
21-05-2014,779.5,791.075012,774.763,3157.100098,789.275024,3394152
22-05-2014,790,795,770.286987,3113.899902,778.474976,4916372
23-05-2014,781.25,792.75,753.036987,3069.552002,767.388,4540888
26-05-2014,767.75,777.737,762.536987,3094.852051,773.713013,2875272
27-05-2014,775,788.75,774.875,3134.052002,783.513,2492064
28-05-2014,780.875,797,779.5,3173.300049,793.325012,2694660
29-05-2014,756.25,756.25,728.75,2924.5,731.125,20670664
30-05-2014,735,739.862,720,2939.399902,734.849976,14017808
02-06-2014,740.125,749.424988,740.125,2993.147949,748.286987,3114928
03-06-2014,752,759.237,743.687988,3017.199951,754.299988,3412468
04-06-2014,753.75,756.838013,738.375,2984.5,746.125,2754004
05-06-2014,750,767.099976,740.5,3041.147949,760.286987,6076860
06-06-2014,750.036987,752.5,737.5,3003.052002,750.763,8441212
09-06-2014,751.5,753.75,744.025024,2986.447998,746.612,5429172
10-06-2014,750,772.299988,749.088013,3075.147949,768.786987,5239588
11-06-2014,776.25,814.312012,772.588013,3193.352051,798.338013,10187852
12-06-2014,820,824.263,780.174988,3175.052002,793.763,10564428
13-06-2014,797.125,801.75,782.763,3187,796.75,5075872
16-06-2014,796.5,814.924988,795,3244.147949,811.036987,4687664
17-06-2014,812.25,816.75,804.638,3246.852051,811.713013,5039696
18-06-2014,811.25,818.75,803.187988,3240.5,810.125,4895640
19-06-2014,811.463013,830.75,811.275024,3311.899902,827.974976,5656852
20-06-2014,830,834.849976,823.213013,3316.600098,829.150024,4426500
23-06-2014,825,827.237,805.362,3232.552002,808.138,3164056
24-06-2014,807.5,808.724976,798.036987,3203.800049,800.950012,5319012
25-06-2014,811.25,811.25,801.5,3211.248047,802.812012,3216760
26-06-2014,805,808.75,792.187988,3182.5,795.625,3688276
27-06-2014,800,808.900024,793,3223.399902,805.849976,3445372
30-06-2014,805,815.75,802.849976,3255.552002,813.888,3645288
01-07-2014,811.25,813.700012,801.5,3221.052002,805.263,2331256
02-07-2014,803,810.900024,799.549988,3215.300049,803.825012,3059816
03-07-2014,802.549988,807.099976,797.625,3210.699951,802.674988,3752456
04-07-2014,800.013,814.599976,800.013,3245.947998,811.487,2876484
07-07-2014,816.25,842,815,3345.447998,836.362,5819156
08-07-2014,837.25,851.588013,825.763,3342.147949,835.536987,5730240
09-07-2014,832.5,846,822.5,3310.352051,827.588013,4135376
10-07-2014,828.75,845.424988,812.650024,3292.699951,823.174988,5672808
11-07-2014,850.349976,858,825.088013,3326.647949,831.661987,7913180
14-07-2014,828.75,828.75,796.450012,3225.248047,806.312012,4115800
15-07-2014,809.75,814.487,804.263,3225.647949,806.411987,2069900
16-07-2014,810,811.25,800.812012,3229.600098,807.400024,2294744
17-07-2014,815.025024,836.474976,807.911987,3239.300049,809.825012,2473336
18-07-2014,813.25,818.674988,810.900024,3251.552002,812.888,2049184
21-07-2014,813.75,818.338013,797.025024,3200.699951,800.174988,3717984
22-07-2014,801.25,811.674988,799.513,3233.699951,808.424988,4366680
23-07-2014,812.25,838.75,812.25,3349.447998,837.362,5913668
24-07-2014,836,848.75,830.362,3382.248047,845.562012,2785780
25-07-2014,849.75,849.75,826.174988,3352.199951,838.049988,2668836
28-07-2014,836.25,846.75,830.213013,3371.100098,842.775024,2300724
30-07-2014,842.775024,848.5,836.400024,3372.199951,843.049988,4967360
31-07-2014,845,848.724976,835.799988,3367.647949,841.911987,4228584
01-08-2014,837.5,848,832.5,3341.300049,835.325012,3803504
04-08-2014,838.75,870.724976,837.325012,3465.552002,866.388,6543480
05-08-2014,869,880,867.513,3513,878.25,5492812
06-08-2014,881.25,902.088013,881.25,3575.852051,893.963013,9002092
07-08-2014,874.75,886.099976,870.588013,3507.352051,876.838013,3877112
08-08-2014,875,880,868.75,3482.647949,870.661987,1905676
11-08-2014,881,895.924988,877.5,3573.5,893.375,2814336
12-08-2014,899.75,899.75,885.25,3576.800049,894.200012,2958468
13-08-2014,890.013,906.25,887.687988,3608.399902,902.099976,4470680
14-08-2014,902,906.924988,896.650024,3612.552002,903.138,3381240
18-08-2014,903.138,903.138,887.5,3559.800049,889.950012,3388944
19-08-2014,890.25,897.25,882.5,3547.800049,886.950012,3212412
20-08-2014,890.75,895.625,886.75,3554.552002,888.638,1969112
21-08-2014,889.062012,890.849976,882.5,3548.947998,887.237,2149440
22-08-2014,887.237,902,887,3601,900.25,2427520
25-08-2014,899.75,908.924988,890.513,3627.800049,906.950012,2099176
26-08-2014,905.5,910,900,3624.147949,906.036987,2921064
27-08-2014,907.5,912.5,900.275024,3630.552002,907.638,2784936
28-08-2014,907.25,908.411987,895.299988,3598.800049,899.700012,3799652
01-09-2014,899.700012,904.724976,896.25,3599.647949,899.911987,1821576
02-09-2014,900,906.25,888.888,3613.751953,903.437988,1791916
03-09-2014,902.5,936.599976,902.5,3734.248047,933.562012,5928780
04-09-2014,931.25,931.25,924.463013,3708.751953,927.187988,3119232
05-09-2014,933,948.75,926.338013,3730.751953,932.687988,3234176
08-09-2014,933.174988,947.625,933.174988,3781.647949,945.411987,3258648
09-09-2014,937,938.862,930,3736.052002,934.013,2158400
10-09-2014,927,927,915,3667.300049,916.825012,2540376
11-09-2014,918.5,924.924988,907.650024,3684.147949,921.036987,2506516
12-09-2014,922,927,912.5,3669.899902,917.474976,1953776
15-09-2014,916.25,917,906.825012,3641.300049,910.325012,2479400
16-09-2014,911.5,922.625,905.900024,3651.248047,912.812012,2517452
17-09-2014,919.974976,937.025024,917.775024,3741.052002,935.263,3963060
18-09-2014,918.487,932.424988,913.612,3697,924.25,4552388
19-09-2014,924.75,946.974976,920.325012,3702.052002,925.513,7377508
22-09-2014,920,920.687988,908,3650.600098,912.650024,4306020
23-09-2014,911.25,920.862,898.888,3607.100098,901.775024,6481152
24-09-2014,907.5,918.062012,899.562012,3644.800049,911.200012,2782280
25-09-2014,912.5,929.700012,911.5,3691,922.75,12487756
26-09-2014,921.25,930.062012,915.125,3680.147949,920.036987,4432420
29-09-2014,925.25,940.237,920.275024,3749.052002,937.263,2498072
30-09-2014,936.049988,939.075012,925.275024,3747.751953,936.937988,3463684
01-10-2014,930.5,964.987,930.5,3847.300049,961.825012,4735432
07-10-2014,961.825012,973.237,942.325012,3831.300049,957.825012,10031728
08-10-2014,946.25,948,910.25,3650.147949,912.536987,10163840
09-10-2014,925,928.5,906.474976,3646.800049,911.700012,6216416
10-10-2014,915,977,893.174988,3888.647949,972.161987,22946528
13-10-2014,972.325012,996.25,972.325012,3942.552002,985.638,8863492
14-10-2014,991.25,991.25,975,3918.300049,979.575012,3430256
15-10-2014,979.575012,979.575012,979.575012,3918.300049,979.575012,0
16-10-2014,975.025024,984.575012,963.588013,3865.300049,966.325012,5008696
17-10-2014,966.224976,980.700012,959.275024,3851.647949,962.911987,4095008
20-10-2014,963.25,965.638,950.525024,3812.352051,953.088013,3851360
21-10-2014,962.474976,962.474976,927.5,3772.947998,943.237,13040692
22-10-2014,952.325012,952.974976,944.049988,3796.052002,949.013,2676660
27-10-2014,951.213013,962.5,945.549988,3803.052002,950.763,2709088
28-10-2014,941.25,953.088013,941.25,3788.248047,947.062012,3333184
29-10-2014,953.237,973.174988,953.237,3881.447998,970.362,4114668
30-10-2014,974,995.312012,974,3946.552002,986.638,7622604
31-10-2014,996.763,1016.5,996.763,4051.23999,1012.809998,4335400
03-11-2014,1019.219971,1027.5,1008.109985,4085.879883,1021.469971,4289204
05-11-2014,1021.469971,1038.5,1014.25,4124.799805,1031.199951,5120540
07-11-2014,1031.199951,1045.75,1029.569946,4166.600098,1041.650024,4985200
10-11-2014,1043.76001,1045.280029,1035,4165.52002,1041.380005,2797084
11-11-2014,1041.25,1041.25,1025.949951,4125.200195,1031.300049,3127544
12-11-2014,1030.25,1037.680054,1024.280029,4106,1026.5,2696448
13-11-2014,1030.5,1050.26001,1028.099976,4178.600098,1044.650024,2478340
14-11-2014,1048.5,1052.859985,1043.5,4191.640137,1047.910034,2616588
17-11-2014,1046.25,1056.969971,1037.030029,4218.439941,1054.609985,2729092
18-11-2014,1056.25,1056.949951,1043.030029,4182.359863,1045.589966,2633560
19-11-2014,1045,1047.48999,1034.939941,4173.359863,1043.339966,2600560
20-11-2014,1047.5,1058.119995,1045.959961,4225.600098,1056.400024,2673964
21-11-2014,1042.5,1044.75,1025.400024,4146.160156,1036.540039,5231636
24-11-2014,1050,1070.410034,1047.98999,4275.120117,1068.780029,5523720
25-11-2014,1073.75,1079.98999,1061.5,4303.200195,1075.800049,7443288
26-11-2014,1075,1079.430054,1067.900024,4300.439941,1075.109985,3965400
27-11-2014,1080.469971,1094.099976,1078,4365.879883,1091.469971,8694516
28-11-2014,1092.530029,1099.5,1085.849976,4359.839844,1089.959961,7173632
01-12-2014,1096.75,1100.550049,1073.150024,4349.839844,1087.459961,9170932
02-12-2014,1082.469971,1082.469971,1057.5,2126.600098,1063.300049,5327496
03-12-2014,1050.75,1066.469971,1042.280029,2123.5,1061.75,6387522
04-12-2014,1055,1072.449951,1047.5,2101.800049,1050.900024,4699614
05-12-2014,1057.5,1058.300049,1029.900024,2070.300049,1035.150024,3679380
08-12-2014,1004.5,1009.5,978.875,1970.150024,985.075012,83160204
09-12-2014,991.375,993,976.224976,1964.800049,982.400024,5025230
10-12-2014,983,992.5,979.549988,1963.75,981.875,3902356
11-12-2014,975.5,976.974976,957.5,1921.050049,960.525024,4142966
12-12-2014,969.525024,980.200012,959.049988,1938.650024,969.325012,7286250
15-12-2014,952.474976,978.625,952.450012,1924.800049,962.400024,6483142
16-12-2014,962.849976,975.799988,962.849976,1938,969,8896378
17-12-2014,968,977.75,948.150024,1938.5,969.25,8925888
18-12-2014,977,990.900024,972.375,1965.900024,982.950012,9974990
19-12-2014,998.799988,1004,993,1998.650024,999.325012,7147316
22-12-2014,1003,1005.049988,987.674988,1999.599976,999.799988,5232552
23-12-2014,1000.419983,1010.950012,981.799988,1971.650024,985.825012,4098476
24-12-2014,988,993.5,957.525024,1930.550049,965.275024,13669744
26-12-2014,965.275024,980.349976,965.275024,1952.25,976.125,1134374
29-12-2014,978.025024,986.400024,976.25,1957.800049,978.900024,1396338
30-12-2014,981.125,987.5,978.400024,1966.349976,983.174988,2320276
31-12-2014,977.5,989.474976,975,1972.550049,986.275024,3484404
01-01-2015,984.474976,991,978.450012,1974.400024,987.200012,1001382
02-01-2015,986,1009.530029,986,2013.199951,1006.599976,3389160
05-01-2015,1004.950012,1015,988.75,1995.900024,997.950012,4968512
06-01-2015,990,992.5,967.049988,1954.199951,977.099976,4833658
07-01-2015,982.5,987.375,975,1963.550049,981.775024,3624958
08-01-2015,992.799988,998.5,975,1973.449951,986.724976,6782460
09-01-2015,990.049988,1054.5,956.525024,2074.439941,1037.219971,22431664
12-01-2015,1046,1059.599976,1037.5,2115.939941,1057.969971,6379444
13-01-2015,1053.900024,1053.900024,1037.5,2088.899902,1044.449951,4400618
14-01-2015,1049.25,1066.5,1046.300049,2128.639893,1064.319946,4960630
15-01-2015,1067.599976,1076.400024,1056.119995,2134.23999,1067.119995,4171226
16-01-2015,1074,1080,1056,2118.300049,1059.150024,3345480
19-01-2015,1060,1066.180054,1047.300049,2102.5,1051.25,2043872
20-01-2015,1053.5,1066.5,1050.719971,2124.199951,1062.099976,3402252
21-01-2015,1065.75,1087.969971,1059,2169.899902,1084.949951,4247454
22-01-2015,1087.400024,1101.5,1080.650024,2196.439941,1098.219971,4979198
23-01-2015,1100,1112.5,1082.550049,2215.060059,1107.530029,4743164
27-01-2015,1107.530029,1110.5,1065.050049,2136.5,1068.25,6869984
28-01-2015,1075,1077.400024,1065.150024,2144.560059,1072.280029,6567178
29-01-2015,1072.5,1074.949951,1063.800049,2145.5,1072.75,7684712
30-01-2015,1080.75,1081.280029,1063.469971,2141.899902,1070.949951,5416872
02-02-2015,1070.75,1076,1063.030029,2136.860107,1068.430054,4351270
03-02-2015,1068.430054,1069.969971,1051,2120.899902,1060.449951,2632978
04-02-2015,1069.949951,1075,1063.199951,2142.860107,1071.430054,2580008
05-02-2015,1075.400024,1110,1074,2193.800049,1096.900024,5937968
06-02-2015,1102.5,1123.900024,1094.25,2230.5,1115.25,3726864
09-02-2015,1100,1127,1100,2248.899902,1124.449951,3268434
10-02-2015,1121.5,1149,1120.5,2278.300049,1139.150024,4258460
11-02-2015,1140.25,1146.599976,1128.119995,2284.860107,1142.430054,2898486
12-02-2015,1141.5,1160.969971,1136.5,2311.199951,1155.599976,3143768
13-02-2015,1149.800049,1163.349976,1143,2296.100098,1148.050049,2828758
16-02-2015,1140.150024,1153.449951,1132.619995,2278.76001,1139.380005,3122138
18-02-2015,1139.380005,1152.469971,1129.069946,2296.5,1148.25,4306882
19-02-2015,1147,1167,1146.030029,2324.699951,1162.349976,4836812
20-02-2015,1164.25,1168,1138.449951,2283.100098,1141.550049,3485814
23-02-2015,1150,1154.599976,1124.050049,2265.600098,1132.800049,2545244
24-02-2015,1139.5,1147.969971,1128.800049,2272.800049,1136.400024,3218838
25-02-2015,1144.449951,1167.400024,1140,2317.600098,1158.800049,3022486
26-02-2015,1153.75,1154.5,1122.699951,2258.100098,1129.050049,3222888
27-02-2015,1137.449951,1140.319946,1125.75,2265.76001,1132.880005,3900538
02-03-2015,1151.5,1154.25,1139.030029,2291.699951,1145.849976,3520496
03-03-2015,1145,1151.469971,1139.150024,2297.860107,1148.930054,2452776
04-03-2015,1150,1156.949951,1125.949951,2274.639893,1137.319946,2187614
05-03-2015,1133.530029,1149.380005,1116.680054,2247.600098,1123.800049,2842458
09-03-2015,1123.800049,1129.5,1089.5,2190.060059,1095.030029,3992360
10-03-2015,1099.050049,1103.469971,1080.099976,2198,1099,3164958
11-03-2015,1097.050049,1120,1084.550049,2182.199951,1091.099976,3390456
12-03-2015,1089.5,1113.219971,1088.5,2218.300049,1109.150024,2844282
13-03-2015,1112.5,1115,1096.199951,2220.399902,1110.199951,3089842
16-03-2015,1105.280029,1141,1105.280029,2266.639893,1133.319946,3409316
17-03-2015,1133.319946,1139.75,1108.619995,2240.5,1120.25,2769656
18-03-2015,1127.25,1131.430054,1111.280029,2229.5,1114.75,2452782
19-03-2015,1117.300049,1124.5,1111.380005,2230.439941,1115.219971,3445870
20-03-2015,1120.5,1134.449951,1116.469971,2257.439941,1128.719971,3215448
23-03-2015,1126.5,1137.5,1112.75,2233.439941,1116.719971,2539350
24-03-2015,1117.449951,1126.699951,1103,2211.439941,1105.719971,3368266
25-03-2015,1111.449951,1114.569946,1100.380005,2219.100098,1109.550049,3085484
26-03-2015,1104,1107.449951,1066,2146.360107,1073.180054,7870420
27-03-2015,1082,1112.349976,1081.5,2202.139893,1101.069946,5037110
30-03-2015,1102.800049,1120,1097.449951,2228,1114,2311544
31-03-2015,1122.5,1136.819946,1102.180054,2218.360107,1109.180054,4008206
01-04-2015,1099.449951,1099.75,1078.849976,2173.939941,1086.969971,3369244
06-04-2015,1086.969971,1092.349976,1080.199951,2178.199951,1089.099976,3870876
07-04-2015,1087.5,1091.400024,1069,2159.5,1079.75,4271134
08-04-2015,1091.25,1102.449951,1086.530029,2200.560059,1100.280029,5092788
09-04-2015,1105.699951,1109.449951,1092.199951,2215,1107.5,5290774
10-04-2015,1105.099976,1119,1105.099976,2233.939941,1116.969971,3561888
13-04-2015,1119,1122,1108.050049,2238.800049,1119.400024,2436168
15-04-2015,1119.400024,1122.5,1097.530029,2213.699951,1106.849976,3118892
16-04-2015,1111,1115.5,1080.25,2194.639893,1097.319946,4503906
17-04-2015,1090.030029,1097.469971,1076.719971,2179.23999,1089.619995,3225158
20-04-2015,1088,1090,1057.569946,2132.139893,1066.069946,6412692
21-04-2015,1074,1077.550049,1060.050049,2142.600098,1071.300049,4440824
22-04-2015,1075.530029,1077.5,1048.969971,2137.699951,1068.849976,6175492
23-04-2015,1074.349976,1075,1056,2122,1061,5945900
24-04-2015,1067.949951,1075.099976,990,1995.199951,997.599976,21782726
27-04-2015,1000,1001,974.049988,1984.650024,992.325012,9911320
28-04-2015,991,991,976,1960.900024,980.450012,5196750
29-04-2015,980.450012,986,968.974976,1961.150024,980.575012,4144528
30-04-2015,980,982.5,966.150024,1942.25,971.125,6567130
04-05-2015,971.125,1000,971.125,1993.099976,996.549988,6680796
05-05-2015,1000,1001.849976,976.025024,1962.75,981.375,4704258
06-05-2015,987.5,987.5,957.650024,1922.050049,961.025024,5254204
07-05-2015,961,983.549988,955,1944,972,3389992
08-05-2015,979,983.775024,972.625,1957.949951,978.974976,2888838
11-05-2015,982.5,1000,976.099976,1993.650024,996.825012,2392756
12-05-2015,996.825012,997.299988,971,1947.099976,973.549988,4142446
13-05-2015,975.875,982.450012,964.25,1956.699951,978.349976,3549542
14-05-2015,980,980.400024,954,1934.800049,967.400024,3116922
15-05-2015,967.5,983.299988,966.150024,1961.75,980.875,2594672
18-05-2015,985,999.450012,980.799988,1993.050049,996.525024,3234988
19-05-2015,993.650024,1017.849976,993,2022.339966,1011.169983,5136038
20-05-2015,1020,1026,1016.799988,2047.300049,1023.650024,2941094
21-05-2015,1024.449951,1030.949951,1018.619995,2048.439941,1024.219971,5029656
22-05-2015,1022,1025.780029,1015.049988,2046.439941,1023.219971,3444412
25-05-2015,1025.25,1028.280029,1003.530029,2016.800049,1008.400024,2337904
26-05-2015,1010,1015.719971,1001.080017,2007.300049,1003.650024,1982520
27-05-2015,1003.5,1004.5,977.5,1968.5,984.25,4227354
28-05-2015,987.599976,1016,987.599976,2016.599976,1008.299988,5490270
29-05-2015,1002.419983,1028.219971,1000.5,2023.160034,1011.580017,9496522
01-06-2015,1016.400024,1032,1011.619995,2047.800049,1023.900024,2862446
02-06-2015,1024.050049,1027.550049,1002.5,2008.660034,1004.330017,2336570
03-06-2015,1009.099976,1019.719971,1004,2020.900024,1010.450012,2747898
04-06-2015,1015,1027.5,1006.299988,2028.060059,1014.030029,3744732
05-06-2015,1015,1022,1004.080017,2011.660034,1005.830017,3062894
08-06-2015,1010,1012.330017,993.5,2000.060059,1000.030029,3070524
09-06-2015,1001.880005,1003.830017,991.5,1992.099976,996.049988,3780870
10-06-2015,995,1019.669983,992.5,2026.5,1013.25,3192920
11-06-2015,1017.969971,1022.380005,997.525024,1997.650024,998.825012,4614732
12-06-2015,1002.5,1012.780029,977.75,1975.050049,987.525024,4926462
15-06-2015,976.950012,998.799988,968,990.450012,990.450012,2618213
16-06-2015,994.349976,1003,985,999.349976,999.349976,2611722
17-06-2015,1011,1021,992.200012,995.700012,995.700012,3206034
18-06-2015,1005.599976,1007.950012,995.799988,1001.950012,1001.950012,1737213
19-06-2015,1010.299988,1010.400024,993.099976,995.349976,995.349976,3335229
22-06-2015,1004.900024,1028.75,997,1023.849976,1023.849976,2855434
23-06-2015,1025,1027.400024,998.150024,1000.400024,1000.400024,3476058
24-06-2015,1015,1015,991.200012,995.099976,995.099976,3536847
25-06-2015,999.200012,1003.5,987.650024,990.450012,990.450012,3558733
26-06-2015,999,1011.599976,998.099976,1005.25,1005.25,2660142
29-06-2015,987,999.5,982.5,990.150024,990.150024,2845334
30-06-2015,990,993.450012,980,984.349976,984.349976,3106265
01-07-2015,989,1005,986,997.400024,997.400024,3440426
02-07-2015,999,1001.400024,985.049988,988,988,2003784
03-07-2015,988,993,982,990.299988,990.299988,1347653
06-07-2015,985,988,975,983.299988,983.299988,2152801
07-07-2015,985,990,979,980.5,980.5,1748709
08-07-2015,979,979,954.799988,957.5,957.5,3512089
09-07-2015,957.5,966,934.049988,938,938,4293886
10-07-2015,948.099976,952.099976,932.650024,937.5,937.5,3705761
13-07-2015,941,955,934.049988,950.150024,950.150024,3265884
14-07-2015,955,973.5,945.5,971.25,971.25,2683537
15-07-2015,970,985.950012,968,984,984,2064783
16-07-2015,987.700012,991.5,979.5,989.049988,989.049988,1736469
17-07-2015,991,1004.5,989.099976,1001.849976,1001.849976,1723989
20-07-2015,1001.400024,1010.799988,987.400024,1001.25,1001.25,2188590
21-07-2015,1035,1149,1035,1112.650024,1112.650024,19155056
22-07-2015,1105,1112,1076.650024,1103.150024,1103.150024,6332830
23-07-2015,1103.949951,1117,1090,1098,1098,3855374
24-07-2015,1095.550049,1106.449951,1083.099976,1087.599976,1087.599976,2240151
27-07-2015,1086.900024,1087.949951,1060.449951,1065.300049,1065.300049,3376122
28-07-2015,1068.5,1076,1054.25,1062.849976,1062.849976,4238301
29-07-2015,1074,1092,1065,1085.400024,1085.400024,3535667
30-07-2015,1090,1090,1058,1070,1070,5978299
31-07-2015,1078.550049,1081.349976,1060,1077.050049,1077.050049,3965506
03-08-2015,1078,1092,1068.949951,1078.949951,1078.949951,3980506
04-08-2015,1078,1078.949951,1051,1057.25,1057.25,4549527
05-08-2015,1062,1090,1061.949951,1086.349976,1086.349976,2376738
06-08-2015,1094,1105.5,1077,1086.949951,1086.949951,3619126
07-08-2015,1079.5,1101,1078.5,1095.599976,1095.599976,2494029
10-08-2015,1098,1106.349976,1067,1086,1086,1996377
11-08-2015,1098.800049,1116.900024,1095.699951,1109.150024,1109.150024,3787203
12-08-2015,1115,1149,1111,1144.400024,1144.400024,5084220
13-08-2015,1147,1166.849976,1055.550049,1158,1158,4893980
14-08-2015,1165,1168.699951,1143.099976,1149.25,1149.25,2554533
17-08-2015,1150,1153.449951,1122.5,1142.150024,1142.150024,1553718
18-08-2015,1150,1177.699951,1150,1164.349976,1164.349976,2075223
19-08-2015,1170,1186.199951,1162.800049,1175.550049,1175.550049,3434759
20-08-2015,1159,1168.5,1128,1134.550049,1134.550049,4184557
21-08-2015,1140.900024,1160.949951,1117.5,1149.900024,1149.900024,5411071
24-08-2015,1109.949951,1123,1078.599976,1092.050049,1092.050049,7061342
25-08-2015,1100,1119,1044.5,1085.650024,1085.650024,6867539
26-08-2015,1089.800049,1097,1059,1064.599976,1064.599976,5749106
27-08-2015,1088,1100.099976,1078.050049,1082.800049,1082.800049,7671696
28-08-2015,1101.599976,1124.900024,1101.599976,1111.050049,1111.050049,3604410
31-08-2015,1134.849976,1134.849976,1082.5,1094.400024,1094.400024,4958532
01-09-2015,1090,1114.599976,1082,1089,1089,4535775
02-09-2015,1098,1115,1090,1099.449951,1099.449951,5585915
03-09-2015,1110.150024,1112,1092.5,1099.349976,1099.349976,4295268
04-09-2015,1103,1111,1067,1073.949951,1073.949951,3659444
07-09-2015,1084.949951,1085,1055,1058.75,1058.75,2590494
08-09-2015,1062,1074,1052.300049,1058.800049,1058.800049,2729748
09-09-2015,1087.099976,1099.599976,1072,1088.699951,1088.699951,4574332
10-09-2015,1084.900024,1091.5,1061,1080.449951,1080.449951,4181502
11-09-2015,1091.550049,1106.400024,1085.5,1090.75,1090.75,4941905
14-09-2015,1099,1104,1082.650024,1099.75,1099.75,3278538
15-09-2015,1099.400024,1103.199951,1088.150024,1099.199951,1099.199951,2645943
16-09-2015,1108,1109.75,1098.300049,1101.650024,1101.650024,3739120
18-09-2015,1101.650024,1117.900024,1099.050049,1104.449951,1104.449951,5788438
21-09-2015,1100,1108.849976,1092.5,1104.650024,1104.650024,2175617
22-09-2015,1115,1135.949951,1101.099976,1107.449951,1107.449951,4813493
23-09-2015,1107.449951,1126.349976,1097.449951,1116.25,1116.25,2379127
24-09-2015,1113.5,1152.699951,1110,1140.550049,1140.550049,6699631
28-09-2015,1140.550049,1142.849976,1101,1105.550049,1105.550049,4894232
29-09-2015,1102,1133.400024,1097.5,1121.849976,1121.849976,4349685
30-09-2015,1134.400024,1168.949951,1125.949951,1161.949951,1161.949951,4747846
01-10-2015,1169.900024,1197.75,1160,1173.050049,1173.050049,5432197
05-10-2015,1173.050049,1189.349976,1162,1181.75,1181.75,3440880
06-10-2015,1187.050049,1192.550049,1148.099976,1154.599976,1154.599976,4355940
07-10-2015,1156,1168.75,1128.449951,1133.199951,1133.199951,4591244
08-10-2015,1136.400024,1149.599976,1126.050049,1132.150024,1132.150024,4540437
09-10-2015,1136,1172.900024,1136,1167.400024,1167.400024,5891069
12-10-2015,1199,1219.800049,1109,1122.900024,1122.900024,15202485
13-10-2015,1107.449951,1111,1085.199951,1099.400024,1099.400024,7663431
14-10-2015,1091.449951,1115.550049,1087.199951,1097.599976,1097.599976,4432755
15-10-2015,1099.900024,1104.349976,1089.099976,1097.349976,1097.349976,4127833
16-10-2015,1099,1101.400024,1090,1094.900024,1094.900024,3209496
19-10-2015,1102,1116,1100.5,1111.949951,1111.949951,3673747
20-10-2015,1113,1130,1110.599976,1125.949951,1125.949951,4394155
21-10-2015,1125,1146.849976,1125,1138.400024,1138.400024,3639049
23-10-2015,1138.400024,1153,1125.099976,1149.900024,1149.900024,3016681
26-10-2015,1154,1158.5,1143.150024,1152.150024,1152.150024,1597971
27-10-2015,1150,1155,1144.099976,1149.400024,1149.400024,2631874
28-10-2015,1144.5,1158,1139,1153.199951,1153.199951,2627736
29-10-2015,1153.099976,1155.900024,1136.050049,1145.050049,1145.050049,2943662
02-11-2015,1130,1135.800049,1114.099976,1131.199951,1131.199951,1772494
03-11-2015,1133.400024,1150.449951,1133.400024,1145.5,1145.5,1807341
04-11-2015,1150.099976,1157.599976,1132.300049,1136.800049,1136.800049,1602786
05-11-2015,1142.949951,1145,1119.400024,1122.900024,1122.900024,1172653
06-11-2015,1123,1143.900024,1122.900024,1138.300049,1138.300049,1513086
09-11-2015,1120,1140,1115.199951,1134.599976,1134.599976,3062838
10-11-2015,1127.5,1127.5,1100.099976,1103.849976,1103.849976,2340026
13-11-2015,1103.849976,1106,1090,1100.800049,1100.800049,1760434
16-11-2015,1083.650024,1094,1067.199951,1080.199951,1080.199951,3404167
17-11-2015,1080,1082.900024,1052,1061.5,1061.5,3592053
18-11-2015,1041,1045.150024,1011.25,1020,1020,5062626
19-11-2015,1030.25,1052,1023.799988,1047.800049,1047.800049,4269811
20-11-2015,1048,1063.199951,1042.050049,1052.400024,1052.400024,3041489
23-11-2015,1050,1062.400024,1038,1053.699951,1053.699951,2808175
24-11-2015,1050,1050.800049,1037,1041.150024,1041.150024,2162901
26-11-2015,1041.150024,1059.5,1040.050049,1052.400024,1052.400024,4926984
27-11-2015,1058,1070,1045,1066.349976,1066.349976,2571239
30-11-2015,1070,1098.300049,1056.199951,1087.900024,1087.900024,9052767
01-12-2015,1088,1095,1072.949951,1079,1079,2949275
02-12-2015,1079.949951,1079.949951,1059,1060.699951,1060.699951,3198808
03-12-2015,1061,1064.800049,1049.050049,1057.75,1057.75,2752363
04-12-2015,1049,1064.900024,1040.099976,1049.050049,1049.050049,4187765
07-12-2015,1055.300049,1059,1040,1046.25,1046.25,2256935
08-12-2015,1045.050049,1062.75,1039.300049,1044.400024,1044.400024,2862186
09-12-2015,1043,1046.949951,1022.549988,1028.199951,1028.199951,3409127
10-12-2015,1036.599976,1051.599976,1030.300049,1047.349976,1047.349976,2793873
11-12-2015,1054,1061.900024,1045.900024,1052.800049,1052.800049,2695099
14-12-2015,1049.5,1073.150024,1048.050049,1069.5,1069.5,2408336
15-12-2015,1073.25,1079.099976,1058.800049,1077.550049,1077.550049,2715904
16-12-2015,1083.400024,1098,1083.400024,1095.849976,1095.849976,2747926
17-12-2015,1100,1109.800049,1088,1107.099976,1107.099976,2479391
18-12-2015,1103.400024,1103.400024,1079.449951,1083.150024,1083.150024,3609910
21-12-2015,1077,1107.400024,1065.949951,1103.449951,1103.449951,2165506
22-12-2015,1097.449951,1097.449951,1080.099976,1083.75,1083.75,2054627
23-12-2015,1095.050049,1102.5,1087.050049,1100.849976,1100.849976,1435464
24-12-2015,1102.050049,1104.449951,1090.099976,1096.349976,1096.349976,615027
28-12-2015,1096.349976,1110,1090,1104.75,1104.75,2763476
29-12-2015,1101.25,1110,1097.300049,1104.699951,1104.699951,1672531
30-12-2015,1101.099976,1106.599976,1083,1086.300049,1086.300049,2576985
31-12-2015,1090.150024,1109.949951,1087,1105.400024,1105.400024,3971969
01-01-2016,1100,1108.949951,1093.199951,1105.25,1105.25,903275
04-01-2016,1099.949951,1102.449951,1076.050049,1078.900024,1078.900024,1987681
05-01-2016,1085.5,1085.5,1062.25,1074.050049,1074.050049,2474893
06-01-2016,1074.650024,1074.650024,1058.900024,1069.349976,1069.349976,2794164
07-01-2016,1060.050049,1067.900024,1047.900024,1050.800049,1050.800049,2647044
08-01-2016,1061.5,1067.400024,1055.5,1063.300049,1063.300049,1578358
11-01-2016,1056.300049,1069.949951,1052.099976,1055.699951,1055.699951,2680311
12-01-2016,1062,1062.949951,1030.849976,1049.949951,1049.949951,3282606
13-01-2016,1057,1091,1048.099976,1083.400024,1083.400024,4375647
14-01-2016,1066,1155,1054.349976,1133,1133,15113503
15-01-2016,1148,1164,1137.550049,1139.900024,1139.900024,6518307
18-01-2016,1139.900024,1162.099976,1128.349976,1131.900024,1131.900024,5033306
19-01-2016,1135,1158.949951,1128.550049,1139.650024,1139.650024,3750218
20-01-2016,1134,1160,1117,1121.25,1121.25,3753999
21-01-2016,1135,1142.5,1122,1137.050049,1137.050049,3371500
22-01-2016,1148.099976,1152.5,1131,1136.25,1136.25,3218009
25-01-2016,1140.25,1146.849976,1124.550049,1137.650024,1137.650024,2289631
27-01-2016,1137.650024,1137.650024,1137.650024,1137.650024,1137.650024,0
28-01-2016,1136,1142.599976,1126.199951,1129.599976,1129.599976,3894299
29-01-2016,1138,1170,1131.599976,1164.900024,1164.900024,5116054
01-02-2016,1170,1179.900024,1161.599976,1173.349976,1173.349976,2125563
02-02-2016,1176.849976,1190,1164,1175.550049,1175.550049,3816351
03-02-2016,1167.800049,1175.900024,1152.75,1157.699951,1157.699951,2622983
04-02-2016,1160.050049,1194.949951,1160.050049,1179.75,1179.75,2774673
05-02-2016,1175.5,1186.650024,1171.849976,1174.699951,1174.699951,1992112
08-02-2016,1163.75,1172.199951,1143.800049,1150.800049,1150.800049,2110522
09-02-2016,1128.300049,1128.300049,1093.5,1107.650024,1107.650024,3789786
10-02-2016,1108,1127.5,1105,1108.550049,1108.550049,2933027
11-02-2016,1111,1113,1071.150024,1078.650024,1078.650024,2607189
12-02-2016,1094.699951,1104.400024,1067,1084.650024,1084.650024,3704048
15-02-2016,1096.25,1100.199951,1086.599976,1091.75,1091.75,2546739
16-02-2016,1087,1092.75,1073.699951,1079.150024,1079.150024,2562724
17-02-2016,1081.75,1103,1077,1097.849976,1097.849976,2082299
18-02-2016,1100,1127,1100,1123.400024,1123.400024,2094536
19-02-2016,1119.199951,1134.199951,1113.849976,1127.25,1127.25,1987009
22-02-2016,1131,1133.949951,1114.050049,1126.650024,1126.650024,1928505
23-02-2016,1130.25,1132.5,1116.050049,1123.900024,1123.900024,1250980
24-02-2016,1119.5,1143.75,1118.349976,1125.349976,1125.349976,2475357
25-02-2016,1125.400024,1130.599976,1101.099976,1110.300049,1110.300049,2242264
26-02-2016,1120.150024,1132,1116,1121.150024,1121.150024,2117818
29-02-2016,1129.5,1130.400024,1068.300049,1084.050049,1084.050049,4083038
01-03-2016,1094.800049,1130.300049,1094.800049,1125.449951,1125.449951,3193077
02-03-2016,1137.050049,1163.5,1125,1156,1156,3607449
03-03-2016,1168,1192.849976,1154,1169.300049,1169.300049,2907152
04-03-2016,1175.599976,1185,1159.099976,1170.650024,1170.650024,2140840
08-03-2016,1170.650024,1190.5,1147.400024,1163.449951,1163.449951,3808873
09-03-2016,1145,1183.75,1142.949951,1178.5,1178.5,3152891
10-03-2016,1162.900024,1162.900024,1139.349976,1142.5,1142.5,12190508
11-03-2016,1146.199951,1155.949951,1138.199951,1143,1143,2029274
14-03-2016,1146,1154.25,1138.5,1141.199951,1141.199951,2087131
15-03-2016,1144,1154.5,1128.949951,1134.400024,1134.400024,3360129
16-03-2016,1141.900024,1155,1131.550049,1152.449951,1152.449951,2794425
17-03-2016,1156.900024,1169.75,1154.050049,1161.75,1161.75,3237311
18-03-2016,1162.800049,1199,1162,1193.400024,1193.400024,4238711
21-03-2016,1188,1199,1180.050049,1194.900024,1194.900024,2569196
22-03-2016,1191.25,1194,1172,1189.949951,1189.949951,3548975
23-03-2016,1190,1210.699951,1182.099976,1207.800049,1207.800049,3166588
28-03-2016,1207.800049,1237,1195.75,1204.900024,1204.900024,5393755
29-03-2016,1199,1218.900024,1191.550049,1197.25,1197.25,3497678
30-03-2016,1197.599976,1210,1195.550049,1205.949951,1205.949951,2878409
31-03-2016,1210.25,1229.900024,1200.300049,1218.300049,1218.300049,8998160
01-04-2016,1216,1222.199951,1195.099976,1205.449951,1205.449951,2755714
04-04-2016,1213.550049,1248,1213.550049,1243.699951,1243.699951,2288527
05-04-2016,1242,1242.300049,1214,1219.800049,1219.800049,2395358
06-04-2016,1228,1228,1196,1200.699951,1200.699951,2465677
07-04-2016,1208.400024,1208.400024,1175,1181.5,1181.5,2828945
08-04-2016,1175.849976,1177.5,1162.050049,1165.75,1165.75,2097789
11-04-2016,1165.800049,1186.75,1151.099976,1183.900024,1183.900024,2884339
12-04-2016,1180.5,1194.900024,1178.599976,1182.199951,1182.199951,2921069
13-04-2016,1194.949951,1194.949951,1166.349976,1172.699951,1172.699951,6255693
18-04-2016,1172.699951,1267.900024,1172.699951,1238.699951,1238.699951,12507995
20-04-2016,1238.699951,1246.449951,1225.800049,1243.599976,1243.599976,4036424
21-04-2016,1251,1251,1218.099976,1226.300049,1226.300049,2720550
22-04-2016,1226.300049,1228.5,1207,1211.25,1211.25,2571969
25-04-2016,1212.050049,1224.800049,1201.099976,1215.849976,1215.849976,2682067
26-04-2016,1215.449951,1239.550049,1208.599976,1232.150024,1232.150024,2923372
27-04-2016,1229.199951,1242.349976,1228.550049,1240.150024,1240.150024,2243104
28-04-2016,1231,1239.599976,1207,1209.150024,1209.150024,6082584
29-04-2016,1211.449951,1223.550049,1205,1208.099976,1208.099976,2518205
02-05-2016,1210,1211.150024,1196.150024,1201.050049,1201.050049,1807625
03-05-2016,1202.75,1212.199951,1171.800049,1177.800049,1177.800049,3412405
04-05-2016,1181,1193,1170.650024,1188.849976,1188.849976,2906421
05-05-2016,1195.150024,1199,1181.099976,1192.449951,1192.449951,3151334
06-05-2016,1189.800049,1189.800049,1177.050049,1181.5,1181.5,1298360
09-05-2016,1182,1201.550049,1180.599976,1199.050049,1199.050049,2561839
10-05-2016,1202.5,1216.650024,1196.599976,1212.800049,1212.800049,1697852
11-05-2016,1198.5,1214.699951,1192.5,1201.849976,1201.849976,1854944
12-05-2016,1203.900024,1213,1196.800049,1210,1210,1703466
13-05-2016,1206,1210,1192.150024,1207.25,1207.25,2826032
16-05-2016,1210.199951,1223.650024,1205,1215,1215,2266939
17-05-2016,1220,1225.75,1208.150024,1214.25,1214.25,1898147
18-05-2016,1199,1214,1197.900024,1209.849976,1209.849976,2128298
19-05-2016,1210.949951,1216.150024,1201,1205.75,1205.75,1977200
20-05-2016,1205,1219.5,1200,1201.599976,1201.599976,1997274
23-05-2016,1203.400024,1205.150024,1185,1188,1188,2292973
24-05-2016,1191.050049,1191.75,1177.599976,1187.75,1187.75,1742530
25-05-2016,1194.099976,1213.099976,1194.099976,1208.650024,1208.650024,1928698
26-05-2016,1210.099976,1239.800049,1210.099976,1234.150024,1234.150024,3068218
27-05-2016,1231.599976,1259.5,1231.599976,1247.5,1247.5,3090382
30-05-2016,1241.5,1272,1241.5,1267.599976,1267.599976,2642850
31-05-2016,1265,1266.75,1239,1248.650024,1248.650024,6891019
01-06-2016,1246.050049,1268.5,1246,1258.199951,1258.199951,2420267
02-06-2016,1255,1274.900024,1254,1261.550049,1261.550049,2526776
03-06-2016,1260.050049,1279.300049,1260.050049,1266.900024,1266.900024,1999190
06-06-2016,1264.900024,1277,1261.099976,1266.75,1266.75,2112884
07-06-2016,1267,1272.5,1255.099976,1257.400024,1257.400024,2846210
08-06-2016,1263.949951,1263.949951,1235.349976,1238.099976,1238.099976,4370685
09-06-2016,1226.25,1226.25,1180.050049,1185.5,1185.5,6370402
10-06-2016,1175.400024,1190,1170.099976,1180.599976,1180.599976,3191978
13-06-2016,1176.800049,1184.900024,1166,1180.900024,1180.900024,2643361
14-06-2016,1182.400024,1182.400024,1167.25,1175,1175,1470364
15-06-2016,1183.699951,1192.650024,1179.050049,1189.949951,1189.949951,3355786
16-06-2016,1189.5,1189.5,1170.099976,1186,1186,2651282
17-06-2016,1189,1192.75,1175.099976,1179.5,1179.5,4257541
20-06-2016,1181,1211.800049,1179.699951,1208.75,1208.75,3114783
21-06-2016,1211.199951,1214.800049,1195.650024,1206.099976,1206.099976,2380862
22-06-2016,1204,1211.949951,1188.150024,1199.5,1199.5,1515629
23-06-2016,1197.300049,1214.849976,1193.349976,1211.599976,1211.599976,1914313
24-06-2016,1188,1199,1160,1194.550049,1194.550049,3904174
27-06-2016,1172.050049,1183.199951,1160,1166.199951,1166.199951,2791889
28-06-2016,1162.800049,1172.5,1155.099976,1159.150024,1159.150024,3827987
29-06-2016,1169,1179.900024,1160.199951,1176.849976,1176.849976,2729575
30-06-2016,1180.5,1184.5,1167.949951,1170.800049,1170.800049,4673112
01-07-2016,1180,1180,1170.099976,1172.400024,1172.400024,1995956
04-07-2016,1176.199951,1194.599976,1176.199951,1183.949951,1183.949951,2690661
05-07-2016,1185,1187.5,1171.050049,1175.449951,1175.449951,1798208
07-07-2016,1175.449951,1175.449951,1155,1157.25,1157.25,2977438
08-07-2016,1163,1167,1153.5,1158.199951,1158.199951,2775824
11-07-2016,1167.400024,1178.699951,1160,1175.050049,1175.050049,3334441
12-07-2016,1180,1180.349976,1168,1176.550049,1176.550049,3098684
13-07-2016,1180,1195.800049,1175.199951,1193.800049,1193.800049,2637710
14-07-2016,1195,1196.050049,1164,1176.25,1176.25,3706664
15-07-2016,1189.5,1189.900024,1052,1072.550049,1072.550049,30742063
18-07-2016,1077.25,1084.900024,1055.150024,1081.949951,1081.949951,7166412
19-07-2016,1088.599976,1090,1074.099976,1086.949951,1086.949951,5202322
20-07-2016,1070,1089.900024,1070,1083.099976,1083.099976,4911448
21-07-2016,1079,1087.199951,1075.599976,1079.900024,1079.900024,4334001
22-07-2016,1070,1079.900024,1066.699951,1072.449951,1072.449951,4693269
25-07-2016,1063,1083.25,1063,1080.849976,1080.849976,4234776
26-07-2016,1070.349976,1089.900024,1070.349976,1088.699951,1088.699951,3594805
27-07-2016,1084.699951,1096.5,1078.550049,1085.349976,1085.349976,3715910
28-07-2016,1085.400024,1086.949951,1074.050049,1077.5,1077.5,5629281
29-07-2016,1072.599976,1076.75,1066.5,1073.849976,1073.849976,4078392
01-08-2016,1071.5,1087.849976,1068.349976,1085.25,1085.25,4548331
02-08-2016,1079.900024,1085,1075,1083.800049,1083.800049,3411251
03-08-2016,1085.650024,1086.5,1070.300049,1084.900024,1084.900024,3606730
04-08-2016,1086.400024,1086.900024,1070.050049,1071.800049,1071.800049,2118639
05-08-2016,1072,1073.449951,1060,1068,1068,2804984
08-08-2016,1069,1081,1062.550049,1078.699951,1078.699951,2321532
09-08-2016,1077,1084.5,1071.5,1083.400024,1083.400024,3596332
10-08-2016,1076,1087.900024,1075.199951,1082.349976,1082.349976,2788227
11-08-2016,1081.699951,1095,1075.25,1077.349976,1077.349976,2519276
12-08-2016,1075.050049,1078.800049,1060,1062.550049,1062.550049,3724964
16-08-2016,1062.550049,1062.550049,1028,1051.800049,1051.800049,8214704
17-08-2016,1049.949951,1052.650024,1030.5,1033.300049,1033.300049,3299658
18-08-2016,1036.5,1039.099976,1021.5,1023.400024,1023.400024,4217000
19-08-2016,1030,1039,1018.450012,1021.299988,1021.299988,2843008
22-08-2016,1018,1030,1009.099976,1015.450012,1015.450012,5126759
23-08-2016,1020.099976,1042,1020.099976,1039.650024,1039.650024,3703069
24-08-2016,1047,1062.050049,1047,1057.400024,1057.400024,3064983
25-08-2016,1055,1057.599976,1032.099976,1036.150024,1036.150024,2398281
26-08-2016,1036,1046,1017.049988,1020.25,1020.25,3440527
29-08-2016,1017.599976,1030,1011,1022.799988,1022.799988,2610141
30-08-2016,1032.449951,1045,1025,1040.400024,1040.400024,2187719
31-08-2016,1037.099976,1045.75,1027.800049,1035.849976,1035.849976,5569907
01-09-2016,1038,1040.449951,1032,1037.550049,1037.550049,1438913
02-09-2016,1039.050049,1040,1026.199951,1031.849976,1031.849976,1666296
06-09-2016,1031.849976,1048.900024,1031.849976,1045,1045,4107522
07-09-2016,1048,1059,1044,1054.349976,1054.349976,3712735
08-09-2016,1045,1045,1024,1037.650024,1037.650024,4546387
09-09-2016,1037,1041,1026.550049,1035.5,1035.5,2526719
12-09-2016,1025.25,1058,1025.25,1054,1054,3101548
14-09-2016,1054,1057.800049,1040.650024,1045.599976,1045.599976,2576209
15-09-2016,1045.599976,1046.800049,1035.349976,1042.199951,1042.199951,2350861
16-09-2016,1049,1064.5,1038.099976,1060.150024,1060.150024,4974692
19-09-2016,1046,1068.900024,1041.349976,1061.199951,1061.199951,2904577
20-09-2016,1053.300049,1057.150024,1045.75,1050.150024,1050.150024,2107002
21-09-2016,1054,1061.25,1051.050049,1055.75,1055.75,2115766
22-09-2016,1059,1061,1052,1058.800049,1058.800049,1814757
23-09-2016,1057,1058.800049,1040,1042.550049,1042.550049,2602647
26-09-2016,1042.75,1044,1031,1035.900024,1035.900024,3185899
27-09-2016,1035.050049,1049.900024,1033.349976,1039.75,1039.75,3262830
28-09-2016,1040,1042.300049,1033.25,1038.949951,1038.949951,2717354
29-09-2016,1044.949951,1044.949951,1024,1029.199951,1029.199951,4451319
30-09-2016,1031.099976,1043.900024,1031.099976,1036.050049,1036.050049,3251177
03-10-2016,1035.5,1040,1026.099976,1038.099976,1038.099976,1828080
04-10-2016,1040,1051.400024,1038.300049,1049.199951,1049.199951,2533293
05-10-2016,1049.199951,1049.849976,1037,1041.5,1041.5,1153787
06-10-2016,1045,1045,1025.949951,1027.400024,1027.400024,1860941
07-10-2016,1029.949951,1033.800049,1010.099976,1012.549988,1012.549988,3144279
10-10-2016,1017,1031.75,1010,1029.949951,1029.949951,2706585
13-10-2016,1029.949951,1058,1021.400024,1052.349976,1052.349976,4889345
14-10-2016,1052.900024,1082.699951,996.25,1027.150024,1027.150024,16730845
17-10-2016,1034.949951,1041.800049,1017.349976,1022.400024,1022.400024,4007429
18-10-2016,1030,1040.5,1027.300049,1039.050049,1039.050049,3194067
19-10-2016,1042,1045.699951,1036,1041.800049,1041.800049,1754918
20-10-2016,1044.75,1050.699951,1033.800049,1036.650024,1036.650024,1767745
21-10-2016,1035,1041,1022.5,1038.300049,1038.300049,1931810
24-10-2016,1037.5,1042.699951,1025.5,1027.099976,1027.099976,1451487
25-10-2016,1036.5,1038.900024,1015.200012,1017.200012,1017.200012,2818007
26-10-2016,1017,1019.849976,1009.299988,1014.200012,1014.200012,1387608
27-10-2016,1017.900024,1017.950012,1001.099976,1003.5,1003.5,3613895
28-10-2016,1005.200012,1010,993.150024,997.5,997.5,2920353
01-11-2016,997.5,1006.799988,986.400024,989.450012,989.450012,3166399
02-11-2016,984.799988,987.5,980,981.049988,981.049988,2688597
03-11-2016,981.049988,982,965.099976,966.849976,966.849976,2612554
04-11-2016,967,979.200012,961,971,971,3002774
07-11-2016,985,986,975,977.950012,977.950012,2268836
08-11-2016,986.900024,987.75,970.599976,982.599976,982.599976,2630554
09-11-2016,930,974.599976,901,958.299988,958.299988,6382079
10-11-2016,962.5,962.5,935,939.400024,939.400024,3643665
11-11-2016,940,945,918.700012,921.549988,921.549988,3548391
15-11-2016,921.549988,939.950012,908.549988,923.549988,923.549988,4617925
16-11-2016,930,956.849976,928.549988,940.900024,940.900024,6111308
17-11-2016,934.25,949,926.400024,929.799988,929.799988,2853365
18-11-2016,930,933.25,917.5,920,920,3020114
21-11-2016,926.900024,926.900024,906.950012,911.099976,911.099976,3970284
22-11-2016,916.900024,928.650024,911.650024,914.200012,914.200012,2741563
23-11-2016,922.099976,922.900024,912.450012,920.25,920.25,4125893
24-11-2016,928.200012,939.900024,923.299988,930.299988,930.299988,8390322
25-11-2016,930.450012,985,930.450012,977.5,977.5,6315690
28-11-2016,979.299988,983.450012,970.599976,979.75,979.75,3682856
29-11-2016,978.799988,984.700012,967.099976,972.599976,972.599976,3062753
30-11-2016,973,977,961.049988,975.549988,975.549988,4250459
01-12-2016,976,983.549988,967,975.599976,975.599976,2305795
02-12-2016,964.799988,969.599976,961.099976,964.5,964.5,2226614
05-12-2016,965.900024,968.599976,958,961.650024,961.650024,1829788
06-12-2016,961.799988,979.5,961.650024,966.5,966.5,1781055
07-12-2016,968,973,960.200012,966.400024,966.400024,1692990
08-12-2016,970.049988,986.099976,970.049988,984.650024,984.650024,2970831
09-12-2016,985,1008.150024,981.5,989.349976,989.349976,4324192
12-12-2016,982.799988,982.799988,965.200012,977.349976,977.349976,2672510
13-12-2016,980.5,992.849976,971.099976,990.200012,990.200012,2427141
14-12-2016,991,1004.950012,984.099976,999.75,999.75,2691307
15-12-2016,997.400024,1018.950012,989,992.349976,992.349976,3983208
16-12-2016,1003.799988,1009.700012,997.75,1005.150024,1005.150024,3218371
19-12-2016,1006.099976,1008.25,994.099976,1004.650024,1004.650024,2062067
20-12-2016,1002,1019,1001.299988,1012.150024,1012.150024,3818249
21-12-2016,1016,1022,998.25,1001.549988,1001.549988,3671988
22-12-2016,1002.5,1007,969.5,984.700012,984.700012,3530027
23-12-2016,984.900024,1006.599976,973.599976,988.450012,988.450012,3653018
26-12-2016,988,994,975.099976,982.75,982.75,1606914
27-12-2016,982.75,1001.900024,980,998.950012,998.950012,2456408
28-12-2016,1002.950012,1009.799988,995,998.5,998.5,2738408
29-12-2016,1003.75,1008,988.150024,992.349976,992.349976,3120062
30-12-2016,998,1012,992.75,1010.599976,1010.599976,3633884
02-01-2017,1011.099976,1012.950012,999.349976,1001.099976,1001.099976,1167611
03-01-2017,1004.099976,1004.900024,982,993.849976,993.849976,3389241
04-01-2017,995.049988,1004.200012,992.25,997.75,997.75,3536793
05-01-2017,1001.599976,1009.5,988.75,996.150024,996.150024,4103537
06-01-2017,994.900024,998.849976,968.049988,972.25,972.25,7196724
09-01-2017,972.25,976.950012,965,970.349976,970.349976,5272846
10-01-2017,977,981,967.950012,970.549988,970.549988,5969927
11-01-2017,974.200012,978.450012,963.950012,969.099976,969.099976,6120787
12-01-2017,977.549988,1004.400024,977.549988,1000.049988,1000.049988,5927870
13-01-2017,1030,1040,962.700012,975.799988,975.799988,15638123
16-01-2017,965,965.450012,952.450012,955.650024,955.650024,6175686
17-01-2017,956.25,964,952.400024,955.400024,955.400024,2780047
18-01-2017,958.099976,961,949.799988,950.799988,950.799988,2976481
19-01-2017,951,959.599976,948.099976,958.099976,958.099976,4438240
20-01-2017,950,953.150024,946,948.700012,948.700012,4562371
23-01-2017,945,958,940,952.700012,952.700012,3974290
24-01-2017,950,950,940.099976,945.549988,945.549988,3413005
25-01-2017,946.099976,946.799988,934.799988,936.599976,936.599976,4989045
27-01-2017,936.599976,947.549988,901.150024,942.150024,942.150024,5317569
30-01-2017,937.5,951.5,928.849976,949.349976,949.349976,5684604
31-01-2017,941.5,941.5,904.349976,928.599976,928.599976,12034267
01-02-2017,921.099976,923.200012,905.150024,916.75,916.75,5765891
02-02-2017,917,945,910.099976,935.900024,935.900024,5914134
03-02-2017,933.799988,940.900024,921.049988,936.099976,936.099976,4211979
06-02-2017,937.25,943.75,930.549988,935.25,935.25,3363967
07-02-2017,933,949.799988,928.549988,942.25,942.25,4634001
08-02-2017,936,944.099976,932.450012,936.5,936.5,3159981
09-02-2017,937,950,936.549988,946,946,5953633
10-02-2017,946.25,972,943.299988,968.299988,968.299988,6126226
13-02-2017,972.849976,986.099976,962.849976,984.349976,984.349976,6862134
14-02-2017,980,989,972.349976,987.700012,987.700012,4669409
15-02-2017,989.200012,998.799988,968.799988,981.799988,981.799988,3629743
16-02-2017,991,1013.900024,990.049988,1012.099976,1012.099976,6407929
17-02-2017,1013.75,1013.75,992.700012,1000.099976,1000.099976,2425604
20-02-2017,996.5,1031,993.5,1010.25,1010.25,2325331
21-02-2017,1022.099976,1024.5,1000.049988,1013.599976,1013.599976,3806998
22-02-2017,1015,1015,986.400024,990.150024,990.150024,3303919
23-02-2017,998.900024,1020,993.349976,1008.849976,1008.849976,4771328
27-02-2017,1008.849976,1023,1006.950012,1012.400024,1012.400024,2664348
28-02-2017,1011.849976,1022.700012,1009.25,1012.400024,1012.400024,2970066
01-03-2017,1012,1027,1010.099976,1025.150024,1025.150024,2141224
02-03-2017,1024.400024,1028,1016.5,1023.299988,1023.299988,1474249
03-03-2017,1010.25,1034.300049,1000.400024,1031.199951,1031.199951,2700806
06-03-2017,1020.049988,1035.949951,1019.700012,1033.900024,1033.900024,2643193
07-03-2017,1022,1025.800049,1014.700012,1019.799988,1019.799988,2322248
08-03-2017,1016.900024,1016.900024,1004.450012,1007.799988,1007.799988,3089588
09-03-2017,1007.799988,1013,999,1011.549988,1011.549988,1740315
10-03-2017,1015,1027.650024,1013.400024,1021.849976,1021.849976,2275162
14-03-2017,1021.849976,1041.900024,1021.849976,1034.800049,1034.800049,3939198
15-03-2017,1034.900024,1034.900024,1007.5,1011.950012,1011.950012,3186989
16-03-2017,1013.299988,1031.699951,1013.299988,1028.849976,1028.849976,3351478
17-03-2017,1035.400024,1042.900024,1019.25,1040.300049,1040.300049,4753923
20-03-2017,1026.550049,1026.550049,1015.099976,1021.5,1021.5,2213694
21-03-2017,1020.900024,1034.949951,1018.799988,1032.849976,1032.849976,2434792
22-03-2017,1022.450012,1039.949951,1020.400024,1027.699951,1027.699951,1995426
23-03-2017,1028.25,1043,1026.599976,1040.449951,1040.449951,2250831
24-03-2017,1038,1044,1027.699951,1031.400024,1031.400024,2441948
27-03-2017,1027.199951,1041.849976,1024.5,1028.849976,1028.849976,3842412
28-03-2017,1031.5,1039,1030.050049,1035.150024,1035.150024,2398398
29-03-2017,1034.300049,1041.5,1025.849976,1031.849976,1031.849976,3490593
30-03-2017,1034,1035.900024,1020.25,1025.5,1025.5,6078590
31-03-2017,1023.25,1029.300049,1008,1022.25,1022.25,7076927
03-04-2017,1032.150024,1032.449951,1006.099976,1008.799988,1008.799988,2157800
05-04-2017,1008.799988,1008.799988,991,995.950012,995.950012,3699169
06-04-2017,998.150024,1005.799988,992,999.599976,999.599976,2689504
07-04-2017,1000.900024,1000.900024,979,981.549988,981.549988,3202254
10-04-2017,984.900024,989.5,950.099976,953.400024,953.400024,4764236
11-04-2017,956.049988,971.700012,956.049988,967.150024,967.150024,4327733
12-04-2017,970,976.900024,960.349976,968.849976,968.849976,3348376
13-04-2017,970,990,926.650024,931.400024,931.400024,15486594
17-04-2017,931.400024,932.099976,923.5,924.900024,924.900024,3606717
18-04-2017,924.75,934,919.099976,922.650024,922.650024,2323759
19-04-2017,923,930,912.650024,919.200012,919.200012,5035851
20-04-2017,921.5,929.700012,918.549988,927.299988,927.299988,2274500
21-04-2017,934.799988,934.799988,921.099976,923.700012,923.700012,1788733
24-04-2017,917.5,928.5,913,926.549988,926.549988,2778333
25-04-2017,925.900024,933,920.549988,929.349976,929.349976,2368530
26-04-2017,929.950012,935.549988,910.200012,914.25,914.25,4542248
27-04-2017,916,929,916,925.25,925.25,3898604
28-04-2017,926.849976,927.400024,915.599976,918.950012,918.950012,2514851
02-05-2017,918.950012,926.400024,915.099976,922.599976,922.599976,1615563
03-05-2017,926.5,939.099976,917.650024,934.299988,934.299988,2329724
04-05-2017,937,939.650024,928.900024,937.650024,937.650024,2639903
05-05-2017,936,937.349976,920,931.5,931.5,2216394
08-05-2017,938,948.549988,932,945.5,945.5,2353549
09-05-2017,950.599976,951.950012,942.099976,946.650024,946.650024,2824686
10-05-2017,947.150024,950,937.150024,943.650024,943.650024,1682151
